pseudo_id,labels,n_frames,n_labels
lKbF,"[1, 19, 2852, 3477]",287,4
HebF,"[3, 6]",176,2
GkbF,[66],199,1
q2bF,[14],247,1
aUbF,"[141, 247, 255]",300,3
A9bF,"[2, 17, 30, 55, 174]",300,5
52bF,[25],136,1
gNbF,"[2, 7]",300,2
6ZbF,"[1, 246, 658]",274,3
rubF,"[39, 66]",123,2
UqbF,[11],195,1
ATbF,"[0, 1, 245, 2799]",272,4
3lbF,"[39, 181, 216, 222, 249]",300,5
UGbF,"[3, 4, 6, 10, 13]",156,5
oJbF,"[0, 1, 337, 1116]",202,4
exbF,[12],236,1
CFbF,"[39, 121, 156, 393, 3791]",300,5
CsbF,"[3, 4, 6, 9, 10, 13, 28, 33, 37, 38, 375]",292,11
pUbF,"[0, 1]",300,2
DLbF,[333],221,1
24bF,"[2, 7, 235]",261,3
abbF,[3],300,1
sEbF,"[4, 9, 10, 34]",143,4
gZbF,"[49, 1440]",300,2
osbF,[15],205,1
AZbF,"[2, 7, 90, 2391, 3246]",259,5
qhbF,"[0, 1, 42, 290, 431]",300,5
q9bF,"[0, 1, 19]",300,3
YpbF,"[68, 72, 98, 151]",123,4
9rbF,[885],149,1
p8bF,"[54, 154]",300,2
yBbF,"[14, 1109]",262,2
gkbF,"[2, 7]",246,2
bHbF,"[3, 324]",241,2
kobF,"[50, 65, 256, 661]",300,4
2jbF,"[818, 2446, 3489]",300,3
XdbF,"[3, 4]",272,2
HcbF,"[21, 23, 73, 146]",203,4
vCbF,"[25, 315]",146,2
WmbF,"[6, 41]",300,2
X8bF,"[309, 1147]",237,2
qjbF,"[3, 4, 9, 28, 33, 38]",248,6
gYbF,[11],300,1
UbbF,"[3, 4, 6, 9, 10, 13, 28, 33, 38]",300,9
4rbF,"[4, 9, 10, 37]",300,4
GfbF,"[9, 10, 34]",300,3
ztbF,[598],141,1
t7bF,"[15, 686, 1835]",158,3
BybF,[26],143,1
a0bF,"[3, 28, 33, 38]",300,4
XzbF,"[0, 62, 479]",214,3
6mbF,"[31, 40, 47, 57, 117]",243,5
LPbF,[952],130,1
NgbF,"[3, 4, 6, 9, 14]",195,5
dnbF,"[0, 1, 5, 1844]",163,4
TTbF,[3],205,1
iBbF,"[5, 319]",221,2
BkbF,"[11, 20, 22, 29, 123, 250, 1672]",172,7
sIbF,"[39, 121]",300,2
YUbF,[857],186,1
xmbF,"[0, 1, 132, 142]",300,4
wNbF,"[17, 19, 55, 272, 448]",211,5
GgbF,"[0, 1, 5, 81, 108, 615]",300,6
7ybF,[8],297,1
LFbF,"[6, 136, 2399]",165,3
zsbF,"[11, 20, 22, 176]",300,4
mxbF,"[1, 124, 180, 1026]",300,4
gnbF,"[2, 17, 19]",250,3
W0bF,"[2, 45, 51, 291]",301,4
aibF,[1195],257,1
SWbF,"[0, 139]",225,2
eQbF,"[0, 1, 35, 230]",260,4
VYbF,"[48, 2129]",300,2
LibF,"[261, 333]",268,2
MRbF,"[0, 1, 180]",154,3
kpbF,"[6, 8]",254,2
LCbF,"[3, 4, 6]",186,3
XibF,"[2, 26, 64, 75, 95, 149, 235, 1628, 2740]",300,9
PnbF,"[49, 80, 418, 725]",139,4
u8bF,"[2, 45, 51, 56, 77, 295]",300,6
g0bF,"[2, 44, 46, 155, 264, 377]",138,6
DpbF,"[746, 1289]",189,2
PvbF,"[5, 662]",199,2
ubbF,"[11, 1366, 1684, 1872, 2312]",132,5
6UbF,"[4, 9, 10, 37, 421, 2208]",199,6
jabF,"[3, 4, 6, 9, 10, 34]",234,6
NIbF,"[53, 58, 151, 228]",120,4
UvbF,[33],210,1
jgbF,[8],162,1
MGbF,"[15, 363, 533, 1102, 1816, 2794]",300,6
mcbF,[12],153,1
EQbF,"[4, 9, 10, 37]",161,4
ijbF,"[15, 26, 1044, 1090]",300,4
zIbF,"[2, 347]",142,2
8wbF,[106],300,1
L5bF,"[0, 36, 94]",226,3
2ObF,[26],236,1
xYbF,[21],234,1
FAbF,[3],231,1
lSbF,[8],300,1
ABbF,[12],165,1
NzbF,[964],300,1
dPbF,"[100, 161]",300,2
vybF,"[0, 1, 35, 85]",300,4
dDbF,[419],134,1
z1bF,"[39, 121, 156, 202, 207, 393]",282,6
upbF,"[16, 636, 816]",208,3
SqbF,"[0, 92, 329]",300,3
ilbF,"[0, 1, 577]",181,3
D1bF,"[4, 13]",276,2
wkbF,"[3, 4, 13]",254,3
eibF,[14],290,1
yxbF,[14],194,1
SebF,[449],300,1
NLbF,"[0, 12, 79, 210, 696, 2736]",300,6
RmbF,"[11, 20, 22, 29, 2904]",275,5
6EbF,"[0, 215, 217, 611]",229,4
YbbF,"[21, 23, 24, 115, 879, 1246, 1509]",300,7
gLbF,"[39, 121]",300,2
BpbF,[2643],224,1
BxbF,"[0, 12]",300,2
JFbF,"[0, 1, 372, 1239]",300,4
1cbF,"[0, 1, 25]",187,3
84bF,[14],300,1
XabF,[3],300,1
mXbF,"[3, 4, 13, 54]",231,4
a1bF,"[0, 1, 339, 687]",203,4
YKbF,"[9, 10, 37]",128,3
IDbF,[0],300,1
qDbF,[6],300,1
7IbF,"[2, 30]",235,2
XwbF,"[21, 23, 74, 131, 209, 994]",213,6
PFbF,"[68, 151]",300,2
BqbF,"[6, 8, 558]",300,3
MVbF,"[82, 103, 346, 350]",300,4
WDbF,[14],226,1
VfbF,"[11, 302]",175,2
9mbF,"[0, 215, 1571]",273,3
jcbF,[14],190,1
WibF,"[21, 23, 24, 73, 115, 520, 651]",300,7
OpbF,"[5, 16, 136]",269,3
WwbF,"[0, 1, 42, 306]",300,4
VubF,"[0, 1, 35, 227, 285, 1181]",224,6
CxbF,[8],146,1
ajbF,"[11, 20, 32, 123, 176, 462, 996, 1379]",300,8
1vbF,"[3, 4]",276,2
k2bF,"[2, 18, 43, 59, 60, 76, 101, 286, 385, 1415]",300,10
FCbF,"[15, 18, 67, 140, 1486, 1733]",128,6
AbbF,"[3, 4, 9, 13, 28, 33, 38]",300,7
qQbF,"[3, 6]",206,2
6bbF,"[1, 105, 192, 331, 455, 1694]",300,6
XfbF,"[1, 157, 407]",300,3
sGbF,"[0, 1, 294]",243,3
h7bF,"[105, 294, 410, 488]",300,4
lDbF,"[5, 826]",171,2
z4bF,"[26, 526, 527, 1259]",219,4
BabF,"[0, 12]",120,2
brbF,[14],288,1
GWbF,"[50, 65, 355, 781]",225,4
BFbF,"[16, 25, 189, 645, 741, 2052]",133,6
oybF,"[39, 66]",300,2
eEbF,[14],156,1
ScbF,"[0, 79]",253,2
Z7bF,"[0, 1, 591, 761]",259,4
2zbF,[25],126,1
R2bF,"[227, 474]",254,2
BhbF,"[0, 1]",180,2
pObF,"[0, 5, 759]",163,3
dbbF,[12],230,1
JHbF,[284],300,1
VkbF,"[0, 193, 577]",195,3
5cbF,"[3, 1698]",273,2
zUbF,[39],249,1
dNbF,[25],152,1
vebF,"[3, 6]",282,2
i7bF,"[3, 4, 6, 33, 2103]",300,5
U9bF,"[0, 1, 35, 230]",121,4
gJbF,[958],209,1
OJbF,[1260],152,1
CNbF,"[2, 7, 208, 1134]",224,4
ZdbF,"[0, 254, 1364, 1886, 1970, 2900]",166,6
jKbF,"[6, 8]",300,2
L8bF,"[5, 16, 25]",129,3
1DbF,"[11, 83, 720]",300,3
UEbF,"[14, 31]",290,2
t6bF,"[0, 1, 27]",300,3
ZabF,"[60, 166, 333, 398]",165,4
hAbF,[2],154,1
CrbF,[15],300,1
5xbF,"[17, 19, 55, 272]",119,4
rXbF,"[4, 9, 10]",234,3
T8bF,[682],271,1
gybF,"[99, 195]",122,2
jYbF,"[0, 1, 35, 230]",300,4
uxbF,"[3, 3021]",218,2
ZzbF,[740],122,1
AGbF,"[1, 21, 24, 758]",300,4
3LbF,"[0, 1, 563]",141,3
8cbF,"[0, 42, 306, 1098]",125,4
IqbF,"[0, 1, 69, 236]",176,4
zubF,"[11, 20, 22, 1049]",300,4
21bF,"[26, 259]",300,2
tVbF,"[9, 14]",189,2
3HbF,[308],266,1
GmbF,"[0, 1, 395, 3589]",123,4
IrbF,"[3, 4, 9, 10, 37]",142,5
e2bF,"[0, 223]",133,2
SGbF,"[1, 35, 2893]",300,3
rGbF,"[2, 7, 116, 174, 361]",300,5
7obF,"[3, 4, 13, 28, 33, 38, 78]",206,7
9PbF,"[48, 61]",268,2
lCbF,[237],122,1
oYbF,"[15, 60, 186, 239, 2785]",132,5
oebF,"[3, 4, 6]",240,3
gjbF,[11],162,1
7EbF,"[68, 72, 98, 151, 311]",300,5
isbF,[237],230,1
qxbF,"[2, 7, 90]",270,3
QIbF,"[2, 30, 55, 60, 428]",300,5
jqbF,"[2, 7, 464, 495]",300,4
AdbF,[1365],173,1
MSbF,[2],150,1
8ebF,"[24, 74, 131, 187, 200]",145,5
qRbF,"[2, 44, 46, 107, 109, 114, 138, 145, 2197]",300,9
cvbF,"[28, 33, 38]",252,3
EcbF,[354],147,1
OlbF,"[11, 20, 22, 29, 32, 112, 120, 173, 444, 543, 559, 572, 1764, 2223, 2864]",292,15
aPbF,"[100, 161]",162,2
vkbF,[3],267,1
RKbF,"[1, 21, 23, 24, 73, 288, 322]",160,7
T0bF,"[6, 8, 225]",162,3
ZZbF,"[18, 43, 59, 60, 101, 549, 693, 906]",125,8
QFbF,[66],300,1
a7bF,[164],300,1
nHbF,"[3, 4, 13, 54]",227,4
YRbF,[381],170,1
fwbF,"[53, 210]",225,2
eqbF,[14],234,1
vQbF,"[0, 12]",166,2
AXbF,"[46, 155, 162, 264, 377]",155,5
rDbF,"[5, 597]",300,2
69bF,"[12, 329]",287,2
IPbF,"[9, 34]",142,2
2wbF,[5],265,1
cwbF,"[181, 216, 222, 249]",300,4
PcbF,"[2, 17, 19, 30, 55, 272]",235,6
X1bF,"[5, 16, 49, 919, 1612]",198,5
F2bF,[945],221,1
CtbF,"[10, 550]",141,2
hMbF,"[9, 10, 34, 970]",124,4
7dbF,"[11, 1042, 3453]",300,3
nsbF,"[69, 934, 1141, 1483]",245,4
fnbF,"[21, 23, 158]",237,3
bybF,[921],165,1
T5bF,"[31, 40, 47, 57]",156,4
3cbF,"[10, 97, 243]",258,3
QLbF,"[3, 4, 10]",300,3
wjbF,"[4, 9, 13, 37]",300,4
sfbF,[2719],300,1
1AbF,"[182, 392]",203,2
RWbF,"[0, 1, 1564]",193,3
8nbF,"[82, 118]",119,2
SCbF,"[6, 8, 383]",141,3
59bF,[52],163,1
P2bF,"[126, 220, 291]",300,3
yYbF,"[5, 204, 853]",300,3
JcbF,[3],119,1
O2bF,"[2, 544, 1449]",300,3
wTbF,"[3, 4, 6, 13, 28, 38]",212,6
S9bF,"[3, 4, 6, 13, 28, 38]",246,6
5WbF,[346],264,1
5ybF,"[0, 63, 167]",300,3
m0bF,"[124, 142, 287]",300,3
gKbF,"[0, 1, 157, 481]",185,4
MtbF,"[315, 505]",300,2
KZbF,"[2, 76, 3804]",300,3
x2bF,"[26, 250, 526]",221,3
KhbF,[1850],222,1
iNbF,[3],147,1
DkbF,[54],300,1
XDbF,[92],209,1
LwbF,[3],283,1
fybF,"[21, 23, 24]",300,3
fHbF,"[1, 489]",178,2
89bF,"[50, 65, 493, 503, 1060]",262,5
9lbF,"[2, 7]",124,2
mJbF,"[5, 136, 1132]",246,3
vcbF,"[0, 1, 81, 108]",194,4
77bF,"[8, 383]",224,2
JjbF,"[0, 52, 125]",144,3
y0bF,"[0, 1]",138,2
4zbF,"[60, 160]",226,2
lTbF,"[342, 1932]",121,2
4CbF,"[2, 45, 51, 77, 456, 1818]",300,6
vjbF,"[0, 1, 193, 963, 2518]",142,5
tebF,[25],122,1
i8bF,"[2, 17, 95, 135, 345, 490]",136,6
rFbF,"[8, 71, 420, 616]",178,4
RbbF,"[315, 1785]",155,2
iibF,"[210, 685]",159,2
p5bF,"[2, 44, 46, 109, 138, 145, 155, 162]",241,8
8ZbF,[161],128,1
XpbF,"[17, 19, 55, 210, 394]",188,5
4ibF,[832],300,1
xubF,"[66, 293, 332, 1313, 1346, 1499]",277,6
YfbF,[962],219,1
pcbF,"[0, 1, 36, 132, 1719]",216,5
STbF,[2420],300,1
rbbF,"[124, 1323]",300,2
4gbF,[52],300,1
PjbF,"[15, 96]",140,2
71bF,"[0, 21, 23, 24]",300,4
lwbF,"[0, 1, 203]",300,3
dtbF,"[0, 12]",300,2
wobF,[218],300,1
fxbF,"[49, 80, 265, 2063]",300,4
dGbF,"[362, 672]",300,2
UzbF,"[0, 1, 36, 94, 147, 423]",300,6
JEbF,"[5, 16, 292]",214,3
gMbF,"[432, 2400]",145,2
6YbF,"[55, 1974]",300,2
qMbF,"[5, 16, 315, 1082]",300,4
K6bF,"[2, 17, 30, 55, 408, 1557]",300,6
OubF,"[2, 44, 186, 2632]",157,4
v7bF,[3],300,1
2TbF,"[2, 7, 174, 213, 830, 1219]",249,6
cObF,"[379, 534, 735]",161,3
hqbF,"[580, 1771, 2790]",250,3
3kbF,[14],194,1
wcbF,[12],130,1
3dbF,"[3, 4, 10]",229,3
7RbF,"[0, 1, 1720, 2061]",256,4
z8bF,"[11, 32, 221, 368]",142,4
UubF,"[64, 149, 729]",236,3
mobF,"[798, 824, 971]",239,3
oIbF,"[0, 1]",132,2
MpbF,"[64, 149]",123,2
3QbF,"[0, 1459]",170,2
dTbF,"[6, 100]",182,2
GUbF,"[31, 40]",253,2
eIbF,"[2, 7, 573]",188,3
LRbF,"[2, 44, 46, 109, 114, 145, 162]",215,7
MYbF,"[0, 1, 36, 94, 367]",300,5
uzbF,"[2, 75, 1205, 2149]",132,4
g8bF,"[0, 1]",138,2
gVbF,"[9, 10, 37]",213,3
HzbF,[2979],300,1
FMbF,[25],196,1
2UbF,"[9, 10, 34]",201,3
sCbF,"[0, 1]",140,2
4NbF,"[3, 4]",226,2
snbF,[8],221,1
8obF,[14],235,1
t0bF,"[31, 40, 47, 57]",164,4
PWbF,"[11, 20, 22, 29, 32, 122, 528, 991]",214,8
NxbF,[223],147,1
xGbF,"[0, 1, 139]",300,3
qBbF,[61],212,1
F6bF,"[21, 23, 26, 782]",300,4
7jbF,"[0, 1, 5, 81, 108]",161,5
eXbF,"[0, 12]",138,2
ZubF,[3],300,1
9fbF,"[0, 82, 103, 118]",206,4
udbF,"[181, 216, 222, 249]",277,4
YTbF,"[5, 3846]",133,2
lHbF,"[0, 1, 42, 111]",300,4
FIbF,[1297],300,1
9IbF,"[8, 89, 175, 201]",138,4
zybF,"[26, 64, 95, 149, 729]",300,5
bVbF,[8],228,1
MJbF,"[3, 4, 9, 28]",284,4
fEbF,"[3, 4, 6, 13, 54, 300]",188,6
QTbF,"[52, 70]",137,2
QEbF,"[0, 1, 105, 183]",186,4
sRbF,[875],203,1
k8bF,"[4, 9, 10, 34]",268,4
FlbF,[10],194,1
lmbF,"[3, 4, 9, 10, 13]",149,5
PIbF,"[21, 23, 24, 106, 684]",293,5
vGbF,[205],178,1
sdbF,"[247, 255]",167,2
SfbF,"[2, 7, 957]",149,3
fJbF,[3229],201,1
yibF,"[0, 1, 489, 776, 2344]",300,5
ONbF,"[17, 19, 448]",163,3
u2bF,"[2, 7, 30, 55, 104, 975]",300,6
mmbF,"[15, 18, 87, 365]",222,4
DTbF,[66],300,1
z0bF,[89],285,1
yIbF,[569],210,1
PpbF,"[0, 12]",198,2
nKbF,"[11, 20, 22, 29, 32, 120, 173, 426, 506, 1775]",300,10
XXbF,"[0, 43]",300,2
tabF,"[4, 9, 10, 37, 421]",149,5
h4bF,"[8, 3387]",300,2
SgbF,"[8, 606]",175,2
oAbF,"[93, 102]",137,2
DNbF,"[2, 186, 666]",294,3
NabF,"[0, 1, 105]",158,3
G1bF,"[2, 7, 17, 48, 283, 3117]",300,6
WVbF,[3],218,1
xUbF,[25],250,1
JJbF,"[21, 23, 24, 73]",300,4
pmbF,[0],169,1
hobF,[0],236,1
FjbF,"[2, 75, 172]",124,3
JVbF,"[9, 14]",246,2
KcbF,[6],262,1
eFbF,[14],238,1
GqbF,"[2, 44, 64, 113, 119, 186, 425]",197,7
JhbF,[11],300,1
8ubF,"[0, 1, 3750]",300,3
13bF,[0],167,1
C7bF,"[2, 30]",140,2
BdbF,"[0, 93, 102]",176,3
hrbF,"[0, 1, 63, 450]",300,4
asbF,"[0, 1]",142,2
cVbF,"[3, 61]",136,2
BwbF,[62],300,1
PZbF,[260],300,1
M7bF,[226],230,1
xhbF,"[181, 216, 222, 249]",300,4
d9bF,"[2, 7, 48, 177]",284,4
LQbF,"[17, 19]",300,2
nUbF,"[4, 10, 13]",213,3
8qbF,[25],142,1
gfbF,"[0, 1, 25, 35, 85]",183,5
5TbF,"[0, 1, 19, 258, 926, 1849, 3235]",300,7
dJbF,[3],300,1
1hbF,"[15, 18, 67, 140, 170, 1247]",198,6
qYbF,[1300],300,1
fSbF,"[0, 1, 42, 3762]",300,4
3PbF,[27],151,1
4GbF,"[3, 4, 9, 14]",300,4
0NbF,"[2, 45, 51, 56, 212, 1745]",292,6
FtbF,"[5, 395]",124,2
txbF,"[0, 1, 42, 290]",276,4
sFbF,"[0, 12]",300,2
xSbF,"[2, 76, 446, 473, 547]",197,5
JpbF,[3],300,1
hlbF,[205],211,1
JrbF,[12],195,1
4MbF,"[15, 990]",148,2
g3bF,"[39, 156, 202, 207, 233, 529]",300,6
pFbF,"[2, 45, 51, 56, 77]",300,5
3mbF,"[1, 5]",300,2
tMbF,[5],279,1
YvbF,"[0, 12]",300,2
oRbF,[12],300,1
1UbF,"[2, 17, 19, 48, 129]",300,5
o7bF,"[2, 17, 30, 196, 2073]",212,5
AUbF,"[26, 130, 189, 610]",261,4
WbbF,"[31, 40, 57, 117]",161,4
7sbF,"[11, 579]",166,2
FVbF,[25],152,1
gdbF,"[2, 45, 51, 77]",146,4
I6bF,"[21, 23, 24, 758]",165,4
bWbF,"[2, 45, 51, 669]",229,4
xpbF,"[0, 1, 42, 111]",295,4
UsbF,[111],251,1
r1bF,"[0, 1, 36, 153, 367]",216,5
PXbF,"[17, 19, 448]",212,3
bIbF,"[0, 1, 1564]",300,3
f8bF,"[0, 1, 1686]",269,3
swbF,[2],300,1
2ibF,"[2, 45, 51, 56, 212]",204,5
OgbF,"[3, 4]",300,2
9qbF,"[390, 422, 485, 1267]",300,4
NXbF,[5],170,1
q1bF,"[2, 313]",238,2
X2bF,[8],300,1
rSbF,[14],178,1
SzbF,[3],300,1
40bF,"[15, 178]",121,2
3FbF,"[13, 386]",205,2
1zbF,[5],300,1
OcbF,"[269, 320]",150,2
FxbF,"[26, 194, 441]",300,3
ozbF,"[2, 7, 95, 116, 135, 1038, 3325]",300,7
SHbF,[519],300,1
NdbF,"[0, 1, 42, 290]",300,4
JTbF,[8],143,1
BMbF,"[15, 18, 43, 59, 60, 101]",217,6
EjbF,[333],225,1
vPbF,"[0, 226, 530]",239,3
CZbF,"[39, 50, 65]",300,3
yebF,"[11, 20, 22, 29, 32, 112, 220, 221, 276, 624]",300,10
k7bF,"[5, 14]",216,2
3XbF,[41],300,1
mhbF,[12],231,1
tHbF,"[0, 1, 69, 649]",177,4
AFbF,"[709, 939, 1755]",240,3
g1bF,"[4, 9, 10, 34]",160,4
31bF,"[3, 6, 8]",300,3
PhbF,[261],179,1
5kbF,"[3, 6, 8]",240,3
ZPbF,"[2, 44, 46, 107, 114, 145, 785]",141,7
WMbF,"[134, 2850]",214,2
UHbF,[1145],300,1
AWbF,"[0, 1, 69]",285,3
RrbF,"[4, 9, 10, 13, 28, 33]",230,6
TObF,"[11, 20, 22, 29, 32, 112, 120, 444, 506, 1156]",300,10
PmbF,[8],282,1
Z4bF,"[5, 16, 3714]",137,3
grbF,"[2, 26]",189,2
W5bF,"[3, 6]",182,2
MlbF,"[2, 45, 51, 56, 77, 137, 456, 540, 1707]",169,9
ZBbF,"[26, 326, 597, 1030, 3851]",300,5
d8bF,[12],174,1
DxbF,"[61, 227, 474]",252,3
wSbF,"[8, 89, 175]",129,3
lcbF,[3],195,1
JsbF,"[3, 4, 6, 13]",274,4
CAbF,"[3, 4, 13, 54]",301,4
zMbF,"[6, 8, 834]",270,3
rabF,"[11, 20, 22, 29, 32, 120, 334, 1165, 2007]",259,9
tdbF,"[0, 1, 3299]",207,3
ycbF,[419],148,1
cIbF,"[9, 10, 34, 37]",187,4
xHbF,"[0, 12]",144,2
ItbF,[92],125,1
DEbF,"[2, 17, 30, 53, 58, 143, 232, 340]",300,8
TFbF,"[100, 161, 567, 704, 1103, 1221]",284,6
MPbF,[1195],164,1
NkbF,"[11, 29, 32]",146,3
OdbF,[1749],250,1
fcbF,"[2, 7]",209,2
oCbF,"[2, 408]",152,2
q4bF,[342],184,1
aHbF,[133],254,1
zRbF,"[311, 360]",300,2
7JbF,"[0, 1, 81, 108, 2280]",169,5
M6bF,"[66, 521, 1305]",127,3
EgbF,[2998],300,1
x1bF,"[242, 254, 282, 459]",300,4
SabF,[3],300,1
4xbF,"[390, 1537]",193,2
uKbF,"[360, 1933]",261,2
mgbF,[3],300,1
F9bF,"[31, 40, 57, 117]",300,4
N7bF,[3],220,1
l0bF,[0],189,1
16bF,"[5, 16, 244, 292]",208,4
GbbF,"[18, 59, 238]",185,3
hUbF,[31],195,1
11bF,"[26, 64, 186]",256,3
jAbF,[8],202,1
UnbF,"[2, 7, 171]",300,3
oobF,"[11, 29, 1115]",127,3
drbF,"[3, 4]",300,2
iobF,"[2247, 2278]",184,2
BPbF,"[0, 1, 362]",271,3
HnbF,[5],256,1
0dbF,"[2, 620, 783]",129,3
9HbF,"[0, 1]",300,2
00bF,"[13, 28, 33, 38, 78]",202,5
RabF,"[106, 1562]",300,2
r6bF,"[1, 35, 85]",300,3
wVbF,"[74, 131, 209, 1125]",300,4
K3bF,"[4, 9, 10, 34]",191,4
5ObF,"[21, 23, 24, 471]",128,4
M1bF,"[0, 1, 150, 204, 1631, 2304]",198,6
72bF,"[0, 1, 183, 192, 3195]",300,5
pKbF,"[6, 8]",164,2
FebF,[43],300,1
17bF,[2801],195,1
CObF,"[154, 1102, 1183]",300,3
J1bF,[14],203,1
6tbF,"[2, 75, 95, 165, 172, 1930]",172,6
f2bF,[14],215,1
5zbF,"[11, 20, 22, 29, 32, 112, 120, 122]",259,8
qLbF,"[2, 17, 30, 55, 1178]",166,5
xDbF,"[2, 7]",271,2
AobF,"[2, 7, 213, 563, 1916]",224,5
kybF,"[0, 1]",142,2
AzbF,"[4, 9, 10, 34]",300,4
wibF,"[2, 7, 48, 197, 316, 513]",158,6
fpbF,[25],122,1
HrbF,"[0, 93, 102]",171,3
f7bF,"[0, 1, 5]",300,3
O3bF,"[5, 16, 144, 190, 384]",234,5
vTbF,[205],300,1
8fbF,[13],230,1
NpbF,[25],136,1
7FbF,"[2, 7, 17, 197]",123,4
HdbF,"[0, 79, 450]",300,3
4cbF,[1455],300,1
YLbF,"[2, 44, 46, 107, 114, 145, 1603]",223,7
HqbF,"[28, 33, 38, 78, 86]",234,5
ULbF,"[43, 248, 428]",300,3
EKbF,"[28, 33, 86]",289,3
I0bF,[1076],146,1
D5bF,"[4, 9, 10, 37]",217,4
TtbF,"[2, 45, 51, 56, 77, 137, 540]",300,7
kqbF,[220],200,1
knbF,[195],198,1
KUbF,"[0, 91]",226,2
QabF,"[62, 461, 498]",206,3
p4bF,"[3, 4, 9, 10, 13, 28, 33, 38]",300,8
D3bF,"[0, 5, 319]",300,3
TpbF,[41],300,1
2JbF,"[88, 364]",294,2
m9bF,"[3, 4, 6]",300,3
Z1bF,"[0, 1, 36, 147]",229,4
C3bF,"[4, 9, 14]",199,3
MjbF,"[60, 239]",300,2
jIbF,"[0, 26, 130, 636, 1217]",171,5
KWbF,"[0, 12]",203,2
qFbF,"[148, 253]",219,2
OrbF,"[0, 1, 5]",300,3
aObF,"[3, 4]",300,2
i4bF,"[0, 1, 35, 85]",285,4
g9bF,"[64, 113, 119, 465, 475]",285,5
vgbF,"[74, 131, 209, 584]",124,4
xFbF,"[6, 8]",253,2
oMbF,"[5, 16]",300,2
wCbF,"[2, 30, 280]",206,3
AxbF,"[5, 16, 1444]",300,3
YXbF,"[4, 31, 40, 47, 57, 188]",129,6
tqbF,"[0, 1, 159, 626]",300,4
LNbF,"[0, 1, 223]",279,3
unbF,[66],300,1
QMbF,[225],244,1
jDbF,"[2, 17, 19, 30, 55, 143, 284]",180,7
fjbF,"[0, 12, 237]",254,3
uibF,"[3, 4, 6]",300,3
WLbF,"[4, 9, 10, 34, 37]",131,5
nybF,"[3, 6, 8]",158,3
LZbF,"[3, 4]",149,2
KBbF,"[71, 152]",286,2
dfbF,"[4, 99]",280,2
rObF,[3],191,1
UXbF,"[15, 60, 239, 363, 1098, 1452]",300,6
rqbF,"[5, 16, 516, 3638]",300,4
XHbF,[14],251,1
xObF,"[3, 6]",133,2
lYbF,"[5, 244, 292]",246,3
QpbF,[61],300,1
qKbF,[92],181,1
XxbF,"[3, 6]",190,2
cQbF,"[43, 60, 101, 1032]",300,4
NjbF,"[0, 1, 42, 290, 431]",226,5
3RbF,"[1, 35, 924, 2179, 2340]",300,5
9sbF,"[2, 465]",260,2
PzbF,"[68, 72, 98, 151, 240]",218,5
bgbF,"[2, 76]",300,2
aLbF,"[2, 17, 30, 55, 340, 408]",291,6
jpbF,[14],270,1
NmbF,[106],300,1
oSbF,"[26, 136, 370, 526]",165,4
4hbF,"[0, 12]",160,2
zNbF,"[11, 20, 22, 29, 32, 397, 1943, 2604]",159,8
y3bF,"[26, 903, 2273]",300,3
nTbF,"[99, 518]",300,2
umbF,[843],162,1
ldbF,"[5, 731]",189,2
cYbF,[238],253,1
wubF,"[3, 41]",300,2
mCbF,[172],138,1
zSbF,"[0, 1, 35, 309, 1018, 1819]",298,6
j5bF,[280],286,1
rsbF,"[0, 79]",300,2
0MbF,"[327, 967]",252,2
NMbF,[277],211,1
iabF,"[31, 40, 47, 57, 117]",292,5
hObF,"[64, 113, 119, 186, 425]",131,5
L1bF,[557],148,1
XTbF,"[126, 220]",300,2
xXbF,"[2, 7, 116, 706, 1266]",129,5
44bF,"[2, 7, 104, 116, 437]",298,5
s8bF,"[0, 1, 27]",178,3
aSbF,"[0, 1, 5]",300,3
nQbF,[13],221,1
WQbF,"[73, 736, 914, 1629, 2414]",257,5
KtbF,"[3, 4, 6, 38]",252,4
h0bF,"[4, 13, 33]",177,3
PSbF,"[0, 215, 412, 622]",300,4
G8bF,[592],231,1
iSbF,[5],273,1
k4bF,"[0, 1, 5, 25, 150, 234, 517, 678, 3236]",152,9
cobF,[14],227,1
tlbF,[466],156,1
UabF,"[3, 13, 41]",180,3
VqbF,"[0, 62, 479]",143,3
m2bF,"[0, 241]",137,2
2RbF,"[0, 5]",186,2
aZbF,[14],228,1
subF,"[2, 7, 224]",300,3
FUbF,"[5, 868]",170,2
jMbF,[182],121,1
hXbF,"[1121, 1966]",205,2
VXbF,[99],231,1
u5bF,"[0, 856]",300,2
1JbF,[248],158,1
msbF,"[39, 121, 207, 233]",300,4
ecbF,[4],274,1
70bF,"[0, 226, 1380]",300,3
ibbF,"[0, 42, 1097]",223,3
4jbF,[6],234,1
GebF,"[4, 13, 41]",144,3
EnbF,"[205, 598]",144,2
LIbF,[261],130,1
ErbF,"[0, 12]",300,2
blbF,[979],180,1
0JbF,[3],181,1
pjbF,"[4, 671]",136,2
QvbF,"[3, 6]",300,2
5HbF,[14],268,1
CmbF,"[0, 1, 387, 893]",211,4
aKbF,"[2, 544, 1089, 1449]",265,4
5NbF,"[26, 334, 527, 728]",191,4
IhbF,"[0, 12]",136,2
XVbF,"[0, 1, 63, 167, 335]",300,5
lBbF,[365],155,1
wXbF,"[15, 370, 789, 978]",191,4
5ZbF,"[0, 817, 961]",192,3
GQbF,"[0, 1, 35, 48, 85, 177]",216,6
A2bF,"[0, 1, 27]",245,3
AwbF,"[0, 1]",300,2
AhbF,"[3, 6]",250,2
ffbF,[3],245,1
mAbF,"[193, 1301]",197,2
43bF,"[0, 1, 63, 167]",191,4
dybF,[133],282,1
kHbF,"[8, 558]",300,2
KibF,[110],300,1
ZJbF,"[0, 1, 19, 753, 2165, 2852]",270,6
uSbF,[828],300,1
0nbF,"[3, 4, 6, 41]",300,4
NfbF,[9],182,1
QGbF,"[11, 511, 642]",205,3
dFbF,"[0, 26, 130, 765, 1092, 1175, 2714]",300,7
RPbF,"[0, 1, 5, 144, 190, 384, 2021]",300,7
RvbF,"[68, 72, 452, 480, 667]",146,5
jmbF,"[39, 156, 202]",300,3
80bF,"[14, 3090]",300,2
zgbF,"[3, 6, 89]",300,3
BubF,"[3, 6]",222,2
o0bF,"[296, 359, 525, 1288]",300,4
zlbF,"[100, 161]",300,2
83bF,"[2, 44, 46, 64]",182,4
XubF,"[50, 65, 2122]",271,3
fqbF,"[21, 23, 24, 73, 74, 131, 209]",300,7
UpbF,"[2, 30, 905, 2581]",120,4
RobF,"[0, 79, 91, 918]",300,4
SVbF,"[0, 1, 1418, 3428]",125,4
JLbF,"[0, 226, 1233, 1380, 1426, 1525]",255,6
LBbF,"[11, 20, 302, 625, 1049, 2004]",300,6
KMbF,[964],224,1
nCbF,"[3, 4, 13, 54]",279,4
2qbF,"[3, 4, 10, 13, 54, 97, 243, 278, 552, 870]",255,10
BZbF,"[2, 76]",168,2
fRbF,"[88, 184, 380]",156,3
mkbF,"[210, 685]",248,2
zAbF,"[0, 1, 157, 1941]",219,4
6jbF,[195],181,1
vVbF,[3],132,1
aBbF,"[6, 8]",300,2
RjbF,"[0, 1, 5]",249,3
hkbF,[816],300,1
tNbF,"[0, 1, 36, 142]",300,4
yZbF,[14],212,1
ZKbF,"[3, 4, 9]",288,3
5gbF,[14],297,1
VJbF,"[0, 24, 74, 187]",256,4
2xbF,"[0, 79]",183,2
NibF,"[0, 1, 5, 35, 3693]",300,5
XCbF,[14],225,1
ALbF,"[21, 24, 1288]",209,3
hTbF,[53],300,1
nRbF,"[3, 4]",300,2
GnbF,"[3, 4, 6]",227,3
JGbF,[3771],300,1
RZbF,"[0, 1, 27]",217,3
mUbF,[10],267,1
CubF,"[0, 1, 223, 323]",300,4
mEbF,"[12, 1225]",300,2
P4bF,"[43, 60]",140,2
TZbF,[0],194,1
pLbF,"[4, 9, 10, 34]",190,4
cUbF,[296],197,1
sYbF,"[1890, 2770]",274,2
4kbF,"[2, 7, 95, 135]",300,4
VDbF,"[31, 40, 47, 57, 348, 833]",300,6
F0bF,"[0, 1, 35, 865, 1642]",300,5
xAbF,[3],300,1
HTbF,"[0, 1, 42, 111, 1992]",300,5
IdbF,"[2, 30, 55]",300,3
nBbF,"[2, 45, 51, 56, 77, 137]",230,6
s5bF,"[13, 164, 175, 671, 1213]",300,5
oibF,"[0, 1, 35, 768]",300,4
jTbF,"[0, 1, 36, 142]",293,4
cPbF,"[53, 58, 163, 232]",180,4
S7bF,[8],300,1
7BbF,"[5, 16, 49, 84]",152,4
YsbF,[41],244,1
uHbF,"[4, 13, 54, 164, 168]",189,5
kibF,[3],224,1
gEbF,[205],223,1
bLbF,[3],282,1
VebF,"[0, 1, 5, 822, 2950]",300,5
TjbF,"[2, 17, 76, 1068, 1192]",123,5
tmbF,[158],300,1
FHbF,"[5, 644, 769]",125,3
KdbF,"[1, 25, 189, 645, 831]",159,5
xBbF,"[15, 43, 374, 499, 693, 1474]",300,6
GpbF,"[5, 354, 3652]",300,3
SlbF,[1416],300,1
QCbF,[557],300,1
2vbF,"[2, 17, 83, 258, 778]",233,5
ambF,"[2, 7]",191,2
v5bF,"[0, 12]",300,2
CVbF,"[49, 80, 127, 277, 770]",161,5
tvbF,"[0, 63, 336, 1405]",300,4
01bF,"[2, 218]",267,2
UrbF,"[25, 315]",300,2
cubF,"[28, 33, 38, 78, 86, 987]",248,6
UObF,"[12, 689, 1062]",187,3
RubF,"[0, 1, 36, 582]",300,4
cAbF,[3],300,1
VHbF,"[11, 20, 22, 211, 321]",184,5
hBbF,"[2, 30]",133,2
FsbF,"[2, 26, 30, 64, 130]",285,5
pibF,"[5, 354]",300,2
5QbF,"[0, 21, 23, 215, 217, 643]",300,6
CIbF,"[0, 2513]",300,2
IZbF,"[0, 1, 1370]",261,3
n1bF,"[8, 89]",177,2
gUbF,"[5, 2322]",241,2
xebF,"[17, 19, 143, 340]",300,4
QobF,[705],208,1
dUbF,"[11, 1593, 2956]",125,3
vxbF,"[21, 23, 24, 2454]",300,4
IlbF,"[0, 1, 159]",300,3
GAbF,"[31, 40, 47, 57]",194,4
esbF,"[11, 83, 601, 3714]",203,4
pbbF,[133],300,1
H1bF,"[2, 76, 227, 474, 3555]",158,5
7xbF,"[0, 1, 35, 85]",300,4
gebF,"[2, 7, 48, 165, 171, 177, 213, 373, 415, 1352, 1429, 1456, 3117, 3241]",173,14
91bF,"[82, 103, 346, 350]",136,4
c1bF,"[195, 717]",178,2
AObF,"[0, 1, 35, 230, 1169]",300,5
oxbF,[33],175,1
dBbF,"[2, 44, 64, 113, 119, 186, 475]",137,7
0QbF,[12],122,1
9DbF,"[243, 348, 833, 1357]",300,4
1xbF,[0],143,1
ZUbF,"[2, 30, 280, 608]",166,4
N6bF,"[0, 1, 42, 111, 431]",221,5
e7bF,"[28, 33, 38, 78, 86]",300,5
VAbF,"[0, 1]",276,2
PfbF,"[3, 4]",207,2
VbbF,"[2, 7]",300,2
WXbF,"[49, 80, 84, 169, 265, 922]",300,6
6NbF,"[53, 58, 2158]",264,3
1HbF,[14],232,1
CabF,"[17, 19, 143]",300,3
cfbF,"[71, 152, 308]",180,3
bJbF,"[3, 6, 8]",278,3
HAbF,[3],180,1
nkbF,"[4, 9, 10, 34]",162,4
DWbF,"[2, 75, 296, 525, 632, 3284]",239,6
pzbF,"[0, 27]",194,2
nDbF,[433],262,1
rcbF,[14],247,1
OvbF,[252],120,1
NubF,"[0, 1, 5, 159, 349, 1419, 1740]",269,7
s6bF,"[21, 23, 24, 73, 758, 3393]",300,6
EobF,"[4, 9, 10, 37]",300,4
S5bF,[3],300,1
iRbF,"[0, 523, 802]",164,3
e6bF,"[26, 2714]",300,2
LgbF,"[0, 1, 124, 317]",300,4
38bF,"[0, 1, 357, 372]",135,4
2obF,"[2, 7, 2268]",247,3
mNbF,[990],160,1
6ubF,"[3, 4]",199,2
jQbF,[11],151,1
D6bF,"[2, 45, 51, 418]",194,4
JUbF,"[2, 7]",300,2
0rbF,[225],169,1
S6bF,[14],120,1
w1bF,"[0, 1, 36, 132]",226,4
NEbF,"[0, 1, 36, 147, 218, 1805]",230,6
uebF,"[0, 12]",239,2
VvbF,"[269, 320]",300,2
NYbF,"[5, 3226]",192,2
CEbF,"[48, 258, 926, 1054]",278,4
OqbF,"[49, 80, 127]",137,3
j9bF,[3],283,1
M3bF,"[39, 50, 529, 1104]",170,4
mtbF,"[0, 799, 815]",147,3
NQbF,"[100, 161]",250,2
jybF,"[53, 58, 163, 232]",131,4
KQbF,"[15, 18, 59, 178, 368, 555, 797, 2543, 2603]",169,9
VzbF,"[0, 1, 25, 349, 590, 976]",142,6
1VbF,"[2, 43, 76]",300,3
ePbF,"[18, 67, 140]",160,3
khbF,"[3, 4, 6, 10, 13, 54, 97, 243, 278, 552, 870]",300,11
bwbF,"[64, 1043]",126,2
ApbF,[111],300,1
47bF,"[0, 52]",185,2
k1bF,[61],300,1
uMbF,[25],144,1
SLbF,"[0, 1, 968]",251,3
ExbF,"[11, 20, 22, 29, 32, 122, 1489]",300,7
IVbF,"[21, 23, 24, 758, 2892]",150,5
uCbF,[308],291,1
YwbF,"[0, 12]",256,2
4JbF,"[0, 1, 35, 85]",146,4
ENbF,"[6, 8, 834]",251,3
4fbF,"[0, 1]",158,2
IXbF,"[3, 4, 6, 10]",174,4
YkbF,"[3, 4, 6, 10]",300,4
vKbF,[11],300,1
2YbF,"[0, 1, 124, 180, 287]",300,5
TEbF,[8],255,1
uBbF,[15],300,1
PLbF,[349],205,1
HObF,[8],269,1
v4bF,"[2, 7, 116, 165]",137,4
avbF,"[0, 1, 19, 2852]",184,4
yobF,"[11, 20, 22, 32, 112, 303, 397, 543]",209,8
Z3bF,[51],152,1
akbF,[310],127,1
NAbF,"[15, 18, 67, 699, 1122, 2256, 3494]",123,7
nObF,"[0, 1, 134]",169,3
VRbF,"[8, 201]",300,2
bPbF,"[46, 107, 114]",265,3
mVbF,"[0, 1, 241]",300,3
BXbF,[1074],200,1
JlbF,"[0, 241]",195,2
cRbF,"[3, 4, 13, 41]",236,4
xCbF,[539],300,1
YBbF,"[3, 4, 6]",256,3
SmbF,"[62, 390, 485, 748]",120,4
DKbF,"[88, 313, 1638, 2001]",300,4
fXbF,"[2, 30]",121,2
5BbF,"[68, 72]",152,2
wgbF,"[11, 262, 751]",277,3
xJbF,"[8, 61, 71, 152]",300,4
9xbF,"[15, 18, 251, 347, 862, 1658]",300,6
zpbF,"[11, 877]",131,2
oabF,"[15, 18, 59, 178, 773, 805]",263,6
zrbF,"[2, 7, 90, 3249]",222,4
XFbF,"[217, 600]",140,2
NvbF,"[0, 1, 436, 1302]",300,4
TMbF,"[1, 105, 349, 424, 484, 488, 510, 535, 590, 1403]",212,10
rpbF,"[8, 414]",300,2
FSbF,"[168, 565, 1001]",140,3
9NbF,"[2, 7, 17, 128, 252, 979, 1962]",288,7
aVbF,"[4, 9, 13]",300,3
gobF,"[3, 6]",227,2
kcbF,"[5, 16]",153,2
prbF,[106],225,1
96bF,"[3, 6]",127,2
KSbF,"[3, 6, 41]",241,3
C8bF,"[5, 26, 526, 647, 956]",230,5
vXbF,"[10, 1542]",172,2
EXbF,[2186],186,1
iFbF,"[2, 64, 76, 149, 1043, 3804]",300,6
H4bF,"[50, 65, 256, 998]",235,4
TKbF,[25],180,1
ZfbF,"[2, 7, 62, 90, 267]",130,5
9abF,"[0, 12]",134,2
axbF,[1801],287,1
WtbF,"[0, 12]",300,2
55bF,[13],221,1
KwbF,[726],156,1
GDbF,"[1, 21, 23, 24]",300,4
7QbF,"[125, 311]",205,2
ezbF,"[5, 16, 84, 169, 328, 405]",139,6
ZcbF,"[2, 7, 75, 172, 437, 1339]",158,6
BebF,"[3, 4, 10, 13]",233,4
GJbF,"[4, 9, 10, 34, 37]",192,5
YgbF,[270],130,1
qnbF,"[0, 1, 19, 53, 58]",300,5
uFbF,"[2, 7, 104, 305]",300,4
LObF,"[3, 2195]",132,2
2dbF,"[26, 194, 441, 445]",131,4
HQbF,[429],300,1
KXbF,"[12, 689]",259,2
A0bF,"[2, 26, 64, 149, 593, 902]",192,6
3obF,"[39, 50, 503]",300,3
nYbF,"[3, 6]",198,2
xibF,[6],300,1
KTbF,"[0, 79]",300,2
PrbF,[3],300,1
QebF,[61],143,1
8kbF,"[0, 1, 777, 1404, 3660]",300,5
RVbF,"[0, 1, 5, 581]",181,4
DIbF,"[26, 130, 189, 435, 610, 2483]",300,6
KgbF,"[0, 1, 1729]",300,3
fVbF,"[195, 1600, 2002]",300,3
3vbF,"[3, 4, 6]",235,3
uXbF,[41],300,1
xWbF,[5],174,1
7UbF,[25],164,1
9CbF,"[53, 58, 163, 232]",300,4
n8bF,"[100, 161, 356, 704, 1515]",146,5
HabF,"[4, 6, 33, 38]",300,4
BlbF,"[53, 58, 228]",267,3
Z0bF,"[9, 10, 34, 840]",300,4
N1bF,"[141, 255]",235,2
8DbF,"[0, 1, 219]",300,3
ahbF,"[2, 186, 380]",157,3
mfbF,"[0, 5, 2016, 3225]",226,4
BAbF,"[5, 16, 144, 190, 384]",184,5
b9bF,"[8, 383]",180,2
ftbF,[12],300,1
BibF,"[0, 226, 3144]",120,3
bobF,"[82, 103, 118, 329]",145,4
C6bF,"[88, 298]",223,2
NobF,"[0, 1, 5, 144, 190, 1350]",142,6
83bX,"[0, 79, 91]",300,3
xCbX,[5],222,1
gdbX,"[5, 16]",163,2
RMbX,"[15, 18, 170, 314]",135,4
v6bX,"[3, 6, 8, 414]",297,4
OnbX,"[18, 43, 59, 101, 549, 693, 906]",300,7
d5bX,[1587],130,1
0IbX,[3],234,1
X8bX,"[0, 1, 88, 242, 254, 313, 1331, 1364]",171,8
SCbX,"[141, 396]",128,2
qAbX,"[11, 20, 22, 29, 32, 528, 791]",134,7
SZbX,"[0, 52, 70, 125]",254,4
hzbX,"[3, 552]",263,2
PLbX,"[0, 591]",300,2
zxbX,"[0, 1, 124, 317, 898]",300,5
k6bX,"[0, 1, 1130]",251,3
J5bX,[461],300,1
P3bX,"[3, 4]",265,2
erbX,"[3, 4, 28]",300,3
G0bX,"[6, 66]",284,2
NzbX,[622],300,1
AmbX,[39],300,1
6ebX,"[15, 709, 1206, 3157]",155,4
otbX,"[799, 815]",228,2
DlbX,[2106],202,1
KDbX,"[4, 9, 10, 34]",275,4
EJbX,[8],286,1
mRbX,"[623, 672, 724]",300,3
5SbX,"[6, 8]",300,2
ztbX,[3],241,1
rUbX,"[0, 79, 91, 376]",300,4
HybX,"[9, 10, 37]",231,3
ZhbX,"[0, 1, 893]",121,3
U9bX,"[3, 4, 13, 31, 47, 54]",300,6
ekbX,"[3, 4, 6, 13]",269,4
SObX,"[269, 320]",180,2
xvbX,"[0, 12]",233,2
FYbX,"[60, 353, 642, 669, 673, 3553]",218,6
SXbX,"[2, 46, 451, 2285]",300,4
KSbX,[381],300,1
mMbX,"[88, 3062]",258,2
ogbX,"[0, 1, 1418, 2693, 3428]",136,5
9UbX,"[21, 23, 24, 115, 651]",154,5
wNbX,[21],300,1
1ZbX,"[3, 4, 13, 54]",284,4
ibbX,"[15, 18, 59, 178, 1260]",122,5
i4bX,"[2, 83]",201,2
pfbX,"[0, 12]",300,2
bnbX,[3],300,1
lSbX,"[401, 1007, 1037]",188,3
GVbX,"[0, 1, 5, 81, 108, 898, 1113, 1494]",156,8
ejbX,"[88, 313, 347, 821]",300,4
iTbX,"[1, 203]",202,2
yHbX,"[2, 7, 208]",254,3
sibX,"[339, 1431]",248,2
trbX,"[0, 42, 487]",300,3
KQbX,"[4, 9, 10, 34, 37, 1523]",244,6
mWbX,"[89, 419]",236,2
4LbX,"[843, 1513]",196,2
LwbX,"[0, 12]",213,2
fnbX,"[68, 72, 98, 452, 480]",213,5
ipbX,[25],153,1
HkbX,"[0, 1, 36, 180, 219]",173,5
15bX,"[3, 6]",203,2
FlbX,"[16, 136, 1023]",198,3
r8bX,"[3, 4, 54]",186,3
zfbX,"[3, 4, 13]",300,3
q4bX,[25],139,1
PUbX,"[50, 66]",300,2
XwbX,"[17, 19, 448, 659]",242,4
bobX,"[0, 12]",300,2
cLbX,"[1, 25, 36, 94]",212,4
5mbX,"[4, 13, 28, 33, 168]",185,5
cPbX,[797],163,1
3AbX,"[2, 218]",159,2
2HbX,"[15, 499, 723]",177,3
hxbX,"[251, 616, 1619]",184,3
rJbX,"[0, 63]",140,2
FvbX,"[2, 7, 218]",300,3
E7bX,"[3, 28]",300,2
NHbX,"[1932, 3555]",151,2
GjbX,[11],277,1
t2bX,"[2, 45, 51, 56, 77, 137, 298, 1952]",271,8
aXbX,"[2, 44, 46, 107, 109, 114, 138, 155]",144,8
45bX,"[2, 30, 55, 1407]",300,4
BLbX,"[31, 40]",125,2
xxbX,"[0, 1, 36, 403]",300,4
88bX,"[11, 20, 22, 123, 176, 462, 1016, 2488]",300,8
VDbX,"[0, 1, 27]",300,3
NDbX,"[1, 217]",230,2
HlbX,"[0, 12, 312]",188,3
qpbX,"[3, 4, 13, 54, 168, 330, 565]",163,7
CLbX,"[0, 79]",270,2
ohbX,"[2, 56, 218]",182,3
dIbX,"[3, 4]",261,2
6UbX,"[5, 49, 80, 127, 265, 694]",219,6
26bX,"[1, 349, 524]",193,3
6SbX,"[5, 2056]",217,2
YLbX,"[4, 9, 10, 34]",166,4
wibX,"[0, 1, 1340]",172,3
GEbX,"[245, 410, 722]",287,3
dGbX,"[0, 1, 139]",129,3
5ObX,"[4, 9, 14, 28, 33, 37, 38, 154]",179,8
53bX,"[17, 19, 2115]",300,3
p8bX,"[2, 7, 495, 2229]",130,4
QsbX,"[0, 1, 5, 395]",300,4
ysbX,"[3, 89, 324]",214,3
SxbX,[2701],187,1
bSbX,[12],253,1
GqbX,"[11, 572, 829, 2205]",300,4
mObX,"[39, 66]",300,2
iybX,"[0, 1605]",142,2
sSbX,[14],203,1
YPbX,[3],225,1
rbbX,[1165],175,1
lIbX,[304],282,1
mqbX,"[0, 12]",167,2
PRbX,"[6, 8, 558]",219,3
JabX,"[3, 4, 9, 10, 28, 33]",253,6
6JbX,"[189, 645]",181,2
mgbX,"[53, 58, 163, 232]",197,4
dWbX,"[1, 36, 94]",291,3
HjbX,[14],233,1
f8bX,"[68, 72]",134,2
pbbX,[39],284,1
3CbX,"[88, 652, 2479]",177,3
9SbX,"[0, 1, 139]",282,3
JvbX,[816],300,1
SNbX,"[3, 28, 33, 38]",300,4
m7bX,[194],300,1
UbbX,"[5, 16, 84]",185,3
0dbX,"[0, 1, 69, 417, 784, 1085]",243,6
VAbX,"[17, 19]",264,2
agbX,"[2, 30, 55, 280, 305]",172,5
7fbX,"[0, 1, 27, 1077]",231,4
dgbX,"[2, 7, 1282]",131,3
XEbX,[154],257,1
BBbX,"[0, 92, 110]",300,3
nqbX,"[53, 58, 214]",300,3
2dbX,"[3, 4]",300,2
ZBbX,"[6, 8, 857]",300,3
sIbX,"[3, 4, 14]",175,3
RKbX,[25],129,1
UebX,"[53, 58, 163, 232, 3725]",212,5
plbX,"[11, 20, 22, 29, 32, 120, 122, 123, 250, 303, 321, 368, 2352]",148,13
WxbX,"[0, 1, 36, 403]",300,4
9LbX,"[2, 30, 940, 1166, 1974]",234,5
dzbX,"[18, 87, 2132]",223,3
2bbX,"[1, 1861, 3661]",125,3
7FbX,[954],235,1
xKbX,"[4, 9, 14]",267,3
FTbX,"[3, 4]",218,2
6vbX,[3],193,1
u4bX,[80],206,1
qObX,"[5, 81]",257,2
91bX,"[2, 45, 51, 56]",279,4
xGbX,"[0, 1, 35, 85]",190,4
aZbX,"[327, 772, 1347, 3110, 3148]",277,5
gFbX,"[0, 82, 103, 118]",224,4
hgbX,"[15, 18, 59]",157,3
UmbX,"[0, 12]",300,2
kmbX,[3],274,1
dAbX,[3],210,1
lVbX,"[11, 20, 229, 771, 917, 2034]",185,6
AdbX,"[0, 1, 1873]",300,3
7TbX,"[3, 6]",188,2
4ZbX,"[3, 13, 41]",222,3
3tbX,[21],127,1
PhbX,[5],170,1
MObX,[474],300,1
JpbX,"[0, 52, 70]",300,3
TcbX,"[180, 304]",300,2
h6bX,"[0, 111]",265,2
yDbX,"[9, 28, 33, 38, 3389]",300,5
ZmbX,[146],199,1
PBbX,"[68, 72, 98, 240]",156,4
w4bX,[3],300,1
qsbX,"[2, 7, 531, 2246]",300,4
WabX,"[0, 12]",122,2
6gbX,"[11, 20, 22, 29, 211, 930, 1156, 1489]",189,8
wFbX,"[2, 7, 116, 266]",148,4
LzbX,"[5, 16, 126]",300,3
gDbX,[8],204,1
TObX,[1790],300,1
oRbX,"[5, 16, 136]",182,3
5FbX,"[5, 84]",129,2
pybX,"[11, 126, 2069]",294,3
SVbX,"[5, 16]",208,2
GtbX,"[3, 4, 6, 10]",300,4
zKbX,"[141, 247, 255, 3083]",300,4
TTbX,[3822],198,1
KXbX,"[11, 2091, 2126]",300,3
KbbX,"[0, 811, 1317]",282,3
bEbX,"[0, 12]",239,2
FjbX,"[0, 1, 63, 336, 1405]",300,5
5CbX,"[0, 1, 63, 633]",206,4
qBbX,"[3, 4, 6]",300,3
KAbX,"[68, 72, 452, 480]",124,4
BebX,[8],164,1
sJbX,"[17, 19]",300,2
0pbX,"[11, 20, 22, 123, 176, 250, 1201, 2094, 2630]",171,9
6xbX,"[2, 7, 174, 361, 715, 830, 1219]",168,7
l4bX,"[116, 2682]",124,2
IIbX,[5],151,1
OkbX,"[388, 606, 2639, 3844]",164,4
IfbX,[1105],259,1
dUbX,[25],153,1
h9bX,"[0, 1, 93, 102]",300,4
8cbX,"[635, 642, 2413]",122,3
AvbX,"[3, 4, 9]",204,3
pqbX,[5],202,1
2gbX,"[5, 16, 857, 1064]",216,4
PDbX,"[3, 4, 168, 330]",186,4
04bX,[84],265,1
kDbX,"[40, 117]",300,2
hhbX,"[2, 30, 2581]",200,3
uFbX,"[0, 961]",225,2
bWbX,"[0, 1, 654]",300,3
gTbX,"[0, 1, 2724]",300,3
3gbX,"[99, 518, 716, 1062]",137,4
yGbX,[1253],300,1
ScbX,"[0, 1, 5, 150, 809, 1270]",300,6
uWbX,"[15, 26, 1044, 1090]",299,4
8ebX,[8],294,1
L4bX,"[15, 96]",289,2
APbX,[9],235,1
DKbX,"[0, 1, 357, 372]",300,4
FmbX,"[0, 1, 35, 309, 1318]",300,5
9ObX,[225],226,1
Q9bX,[3],300,1
6rbX,"[0, 1, 352]",300,3
nJbX,"[4, 13]",134,2
5pbX,"[15, 18, 96, 463, 708]",300,5
zMbX,[16],119,1
SpbX,[2723],300,1
hObX,"[4, 9, 10, 34, 37]",202,5
M2bX,"[14, 282, 1338, 1362]",300,4
cFbX,"[3, 4]",185,2
nBbX,"[2, 7, 83, 90]",208,4
Q7bX,[4],300,1
YNbX,"[0, 1, 3468]",159,3
cgbX,"[0, 52]",164,2
SLbX,[2180],150,1
YbbX,"[0, 1, 5, 1033]",149,4
awbX,[1475],300,1
qdbX,"[0, 12]",275,2
N7bX,[349],221,1
zWbX,"[11, 20, 22, 29, 32, 112, 370, 444, 472, 680, 2521]",262,11
j3bX,"[0, 1, 180]",177,3
RqbX,"[2, 17, 75, 95, 135, 172, 235, 490, 583, 2780]",259,10
sXbX,"[201, 726]",274,2
IobX,"[2, 17, 172]",300,3
FCbX,"[883, 2554]",148,2
U3bX,"[11, 20, 22, 29, 32, 122, 123, 462, 2946]",300,9
7BbX,[3],282,1
G1bX,"[6, 8]",189,2
7rbX,"[141, 396, 746, 1289]",263,4
rabX,"[3, 4, 6]",194,3
rcbX,"[0, 12]",169,2
cqbX,"[3, 6]",300,2
uEbX,[61],290,1
b9bX,"[17, 19, 129]",300,3
QibX,"[1, 25, 159, 951, 2167, 2595]",300,6
fObX,"[3, 4, 6]",159,3
PgbX,[3],228,1
SkbX,"[50, 503]",189,2
YibX,[14],232,1
xYbX,[588],300,1
BDbX,"[2, 7, 17, 128, 174, 1053, 1219, 1324]",300,8
mfbX,"[0, 93, 102, 1193]",300,4
ndbX,"[4, 9, 10, 34]",300,4
3UbX,"[53, 58, 163, 232, 427]",148,5
xAbX,[41],292,1
4bbX,"[2, 7]",146,2
3vbX,"[0, 1, 42, 102, 1244]",300,5
6ObX,"[3, 3238]",300,2
w3bX,"[11, 20, 22, 29, 32, 334, 564]",137,7
lbbX,"[497, 616, 966, 1619, 2787]",201,5
jhbX,"[0, 52, 70, 125]",154,4
iWbX,"[2, 30, 280, 1178]",286,4
1bbX,[14],300,1
WubX,"[2, 544]",290,2
xwbX,"[111, 275, 584, 1285]",162,4
w1bX,"[4, 9, 10, 37, 655]",171,5
cdbX,"[11, 20, 22, 32, 112, 120, 543, 1775, 2155]",190,9
RdbX,[709],232,1
U4bX,"[2, 45, 51, 77, 298]",153,5
y9bX,[429],216,1
fDbX,[8],235,1
hobX,"[0, 1, 5]",232,3
YmbX,"[26, 259, 1090]",300,3
MZbX,"[0, 1, 1149]",216,3
7GbX,"[2, 7]",169,2
VFbX,"[3, 6]",300,2
wjbX,"[3, 6]",198,2
CdbX,"[50, 65, 493, 1060]",300,4
59bX,[315],180,1
eCbX,"[2, 109, 145, 507, 602, 631]",300,6
RVbX,[299],264,1
SabX,[5],156,1
ZubX,[14],224,1
STbX,"[16, 194]",152,2
H2bX,"[88, 2885]",300,2
DUbX,"[2, 45, 51, 212]",277,4
4ybX,"[0, 92, 110]",175,3
ZLbX,[1656],185,1
w9bX,"[3, 2703]",275,2
5HbX,[875],125,1
BRbX,"[3, 4, 6]",300,3
JDbX,[3],194,1
lGbX,[1639],256,1
i7bX,[418],300,1
uQbX,"[3, 4, 13, 41]",251,4
q2bX,"[0, 70, 125]",176,3
rnbX,"[21, 23, 24]",300,3
j5bX,"[4, 13, 41]",200,3
aFbX,[551],167,1
ImbX,[5],300,1
2TbX,[25],125,1
VObX,"[0, 1, 16, 25]",141,4
cUbX,[301],300,1
zYbX,"[0, 1, 27]",300,3
CzbX,"[5, 1612]",205,2
EGbX,"[277, 388, 497, 1079]",209,4
4DbX,"[0, 1, 2005, 2179]",209,4
5XbX,"[0, 1, 1319]",130,3
ywbX,"[11, 434, 1186]",188,3
XhbX,[0],300,1
YGbX,"[0, 1, 42, 487]",170,4
lAbX,[3],275,1
xNbX,[43],122,1
GsbX,"[15, 18, 170]",300,3
CYbX,"[4, 9, 14]",235,3
GcbX,"[17, 19, 659, 3480]",120,4
cBbX,"[0, 1, 105, 245, 424]",204,5
22bX,[310],213,1
kVbX,"[2, 83, 1453]",137,3
KabX,[203],174,1
4gbX,"[21, 23, 24, 3136]",276,4
sfbX,"[21, 23, 24, 115, 520, 1246]",300,6
XobX,[89],177,1
DCbX,"[2, 17]",142,2
REbX,"[0, 5, 644]",247,3
AZbX,"[3, 4, 6, 13]",229,4
92bX,"[2, 44, 46, 64, 113, 119]",224,6
CrbX,"[2, 7, 48, 469, 878, 1394, 1692]",239,7
R4bX,"[9, 34]",155,2
dqbX,"[0, 1, 25, 236, 358, 404, 589]",143,7
3cbX,[4],214,1
6zbX,"[21, 23, 24, 74, 131, 209]",300,6
l0bX,"[0, 1, 35, 85, 508]",300,5
mlbX,"[0, 451, 780, 1301]",126,4
w2bX,"[24, 74, 187]",300,3
O5bX,[61],253,1
QPbX,[366],128,1
WibX,"[0, 1, 836]",300,3
tcbX,"[0, 1, 3301]",204,3
tbbX,"[8, 1633]",276,2
EpbX,"[2, 17, 30, 55, 196, 361]",119,6
1ubX,"[18, 43, 59, 60, 101, 286]",298,6
l6bX,"[11, 20, 22, 29, 32]",262,5
2qbX,"[0, 27]",300,2
YDbX,"[461, 498, 1629, 2100]",210,4
WIbX,[310],163,1
BybX,[205],300,1
FDbX,"[3, 6]",209,2
FZbX,[269],270,1
u3bX,"[2, 44, 46, 107, 3492]",148,5
ocbX,"[53, 58]",121,2
YSbX,"[2, 7, 2039]",121,3
8UbX,"[3, 4, 9]",300,3
msbX,"[26, 130, 1651]",147,3
AzbX,"[3, 6]",196,2
gebX,"[0, 1, 27]",163,3
wzbX,"[275, 584, 3569]",135,3
PNbX,[8],224,1
fjbX,[3],229,1
jVbX,"[0, 1, 27]",281,3
0fbX,"[0, 1, 856]",218,3
zgbX,"[5, 14]",235,2
FxbX,[5],300,1
5VbX,"[17, 19, 143]",267,3
djbX,[4],219,1
sObX,"[3, 6]",256,2
QZbX,"[5, 74, 131, 246]",211,4
5LbX,"[0, 5]",250,2
gpbX,"[0, 1, 27]",300,3
I1bX,"[64, 95, 149]",300,3
hlbX,"[0, 1, 27]",151,3
uVbX,"[3, 4]",183,2
pNbX,[1],300,1
BFbX,"[146, 158, 279, 439]",195,4
gQbX,[0],290,1
4BbX,"[4, 9, 10]",300,3
JHbX,"[0, 1, 5, 81, 108, 1113]",245,6
xXbX,"[4, 6, 10, 14]",244,4
fXbX,"[3, 4]",179,2
KebX,[310],225,1
S3bX,"[0, 1, 241]",231,3
l3bX,"[9, 10]",269,2
NTbX,"[10, 31, 40, 47, 97, 243]",252,6
zibX,"[0, 79, 91]",300,3
G2bX,"[21, 23, 24, 758]",300,4
bjbX,[210],231,1
mHbX,"[6, 8]",187,2
F2bX,[4],179,1
i2bX,"[0, 1, 35]",300,3
08bX,"[66, 390, 701, 748]",300,4
M4bX,"[11, 20, 22, 29, 564]",148,5
1SbX,"[64, 113, 119, 465, 2047]",300,5
pxbX,[2250],300,1
0hbX,"[0, 12]",219,2
OybX,[11],188,1
EUbX,"[21, 23, 24, 115, 520, 651, 1705]",300,7
ThbX,"[49, 127]",301,2
pBbX,[14],194,1
OebX,"[0, 1, 69, 1710]",193,4
DJbX,"[0, 1]",180,2
PkbX,"[3, 6]",249,2
vLbX,"[2, 30]",174,2
arbX,"[17, 19, 394]",260,3
97bX,"[2, 218]",243,2
CVbX,"[0, 52, 125]",230,3
b2bX,[14],192,1
UpbX,"[1, 63, 167]",300,3
habX,"[3, 6]",300,2
7YbX,[14],137,1
vIbX,"[15, 18, 67, 140, 1122]",300,5
LMbX,[3],226,1
zsbX,[1251],162,1
rsbX,"[2, 45, 295]",184,3
HvbX,[3],185,1
fpbX,[8],127,1
BkbX,[8],244,1
esbX,[3],122,1
uobX,"[0, 1, 35, 134, 436, 2226]",268,6
xQbX,"[1, 19, 48, 524, 753, 988]",177,6
4dbX,[8],226,1
82bX,"[0, 215, 412]",300,3
EjbX,"[5, 395]",173,2
ukbX,[62],300,1
QcbX,"[0, 1, 42, 487, 890]",300,5
tBbX,"[60, 519, 666]",300,3
JxbX,"[2, 7, 198, 563, 1252]",127,5
l1bX,[3],268,1
TebX,"[15, 18, 67, 239, 2785]",212,5
kxbX,"[0, 1]",300,2
xBbX,"[5, 16]",300,2
tnbX,"[3, 6]",300,2
ZCbX,"[0, 12]",119,2
FabX,[79],221,1
DpbX,[8],221,1
KJbX,[551],300,1
b4bX,"[11, 29, 32, 368, 813, 2206, 3608]",290,7
LObX,"[1, 16]",300,2
1RbX,"[2, 2077]",281,2
YKbX,"[21, 23, 310]",300,3
DNbX,"[5, 15, 18, 49, 80, 87, 265]",300,7
UhbX,"[0, 1, 5]",173,3
fubX,"[0, 79, 91]",300,3
bJbX,"[3, 4, 13, 54]",151,4
7nbX,[3],300,1
81bX,[183],300,1
ZabX,"[242, 254, 459, 470, 764]",300,5
XubX,"[4, 9, 10, 37]",218,4
hSbX,"[2, 26, 45, 51, 77, 298, 442, 2175]",139,8
yrbX,"[0, 1, 5, 683]",300,4
jpbX,"[6, 8]",271,2
1PbX,[8],300,1
wLbX,"[342, 511]",242,2
YrbX,[707],300,1
ZNbX,"[11, 20, 229, 1882]",300,4
Q0bX,"[0, 1, 36, 142, 185]",300,5
JJbX,"[3, 6]",214,2
7CbX,[3],300,1
4ibX,"[333, 990]",299,2
qPbX,"[3, 4]",300,2
ArbX,"[9, 14, 28]",274,3
BxbX,"[2, 30]",300,2
V6bX,[201],159,1
ttbX,"[21, 23, 24, 115, 1160]",300,5
THbX,"[88, 364]",198,2
vqbX,[3],215,1
E9bX,"[6, 8]",138,2
N8bX,"[0, 1, 35, 230]",268,4
ZFbX,"[0, 1, 27]",300,3
fWbX,[88],214,1
v5bX,"[15, 18, 59, 178]",300,4
UibX,"[1, 25, 623, 1278]",144,4
WFbX,"[31, 40, 47, 57]",265,4
4ObX,"[133, 325]",150,2
egbX,"[5, 16, 84]",254,3
vfbX,"[9, 10, 34, 550]",180,4
IqbX,"[0, 1, 5, 928]",159,4
qlbX,"[2, 17, 83, 620, 778]",211,5
VUbX,[106],192,1
7ebX,"[2, 7, 399]",153,3
TgbX,"[2, 64, 76, 1043]",247,4
8tbX,"[3, 4, 6, 10, 13]",300,5
JIbX,"[2, 45, 51, 56, 77, 137, 456]",223,7
wabX,[1388],238,1
MvbX,"[0, 1]",237,2
1dbX,[0],244,1
QNbX,"[3, 6]",194,2
XMbX,"[4, 9, 28, 33, 38]",195,5
q6bX,"[39, 121, 986, 1846]",276,4
eabX,[62],211,1
0bbX,"[0, 1, 42]",253,3
rmbX,[228],300,1
WVbX,[3],300,1
ZQbX,"[199, 259]",296,2
HMbX,"[11, 20, 22, 29, 32, 122, 173, 221, 892, 2172]",206,10
sKbX,"[0, 1]",257,2
9xbX,"[6, 8, 1579]",193,3
LKbX,"[401, 732, 1067, 1421, 2294]",187,5
6HbX,"[100, 1223]",201,2
mPbX,"[2, 7, 104, 563]",300,4
jebX,[3],221,1
jxbX,[8],232,1
AxbX,"[0, 12]",241,2
QGbX,"[6, 8]",300,2
xZbX,[92],132,1
74bX,"[2, 7, 174, 1307, 2835]",300,5
LHbX,"[2, 7, 48, 224, 267, 415, 566]",300,7
jcbX,[14],160,1
vHbX,"[2, 7, 165, 172, 399, 923, 2233]",275,7
N0bX,[8],300,1
BjbX,"[15, 18, 43, 59, 238, 668]",260,6
J3bX,"[0, 79, 237]",147,3
llbX,"[3, 433]",179,2
EIbX,[3],300,1
1cbX,[205],300,1
vsbX,"[0, 1, 157, 481]",139,4
h4bX,"[62, 1015]",276,2
NMbX,[522],150,1
VdbX,"[3, 4, 6, 10]",200,4
KtbX,[3],275,1
sgbX,"[0, 1, 234, 309]",222,4
WzbX,"[2, 45, 56, 218]",300,4
3hbX,"[0, 1, 484, 1403]",296,4
yYbX,"[4, 9, 10, 34]",229,4
nAbX,"[205, 598]",230,2
vJbX,"[0, 1, 193, 649]",123,4
A7bX,"[3, 4]",213,2
M8bX,"[15, 18, 87, 545]",172,4
W9bX,"[406, 1136]",300,2
ZlbX,"[215, 611]",211,2
PAbX,[3],300,1
VGbX,"[53, 58, 60]",154,3
DWbX,"[1, 189, 3830]",241,3
OSbX,"[3, 4, 6]",153,3
c4bX,"[0, 12]",300,2
4UbX,"[15, 555, 1225, 2501, 3704]",152,5
rGbX,"[11, 20, 22, 29, 32]",120,5
HAbX,[8],174,1
W4bX,[14],171,1
RcbX,"[0, 12]",190,2
HhbX,"[200, 1375]",300,2
ZAbX,[14],197,1
UybX,[8],138,1
2QbX,"[11, 1254]",177,2
6MbX,"[2, 44, 46, 162, 848]",262,5
5UbX,[284],300,1
F5bX,"[3, 4, 6, 9]",300,4
iXbX,[8],300,1
9XbX,[14],233,1
RxbX,[3],174,1
CcbX,"[0, 1, 35, 85, 1035]",260,5
IObX,[89],129,1
lybX,[5],231,1
AWbX,"[2, 44, 46, 109, 114, 145, 155]",300,7
PsbX,"[0, 811, 1317]",171,3
xgbX,[2783],256,1
gObX,[62],130,1
8wbX,"[11, 251, 641]",120,3
4rbX,[3],300,1
CybX,"[31, 47, 565]",300,3
Z5bX,"[0, 1, 13, 512, 1446]",284,5
8abX,"[2, 7]",137,2
qnbX,"[21, 23, 24]",300,3
LBbX,"[5, 16]",121,2
ivbX,"[15, 509]",300,2
RUbX,"[11, 83, 720, 751]",300,4
GvbX,"[41, 552]",190,2
8YbX,"[4, 9, 10, 34]",199,4
EtbX,[14],265,1
2JbX,"[0, 1, 63, 450, 1924]",300,5
wdbX,"[3, 4, 13, 41]",161,4
vvbX,[5],197,1
XzbX,"[9, 10, 37]",195,3
ydbX,"[3, 6]",269,2
CjbX,"[0, 1, 234, 628]",289,4
tsbX,[2700],135,1
uBbX,"[189, 645]",124,2
nNbX,"[0, 1, 134, 180, 795]",133,5
DYbX,"[2, 7, 1386, 2262, 2552]",183,5
0vbX,"[0, 12]",296,2
vQbX,"[3, 4, 6, 9, 10, 34]",282,6
yRbX,"[3, 4, 10, 13, 54, 97]",300,6
RHbX,"[146, 158, 279]",124,3
yUbX,"[2, 64, 76, 1043]",257,4
oybX,"[21, 23, 24, 115, 1160]",300,5
ZibX,"[1854, 3265]",285,2
yibX,"[64, 465]",136,2
7sbX,"[0, 760]",300,2
pXbX,"[3, 4]",205,2
7PbX,[133],270,1
PCbX,"[3, 4, 6]",259,3
LRbX,[246],147,1
0mbX,"[2, 30]",119,2
EFbX,"[0, 12]",208,2
52bX,"[0, 1, 153, 562]",190,4
NAbX,[3],138,1
j4bX,"[17, 19, 129, 448, 792]",131,5
WMbX,"[0, 1, 69, 236, 404, 1490]",147,6
FHbX,[291],300,1
MpbX,"[0, 1, 69, 478, 1111]",300,5
fYbX,"[168, 188, 594]",137,3
ZzbX,[8],192,1
AwbX,"[229, 505, 1107, 1189, 1675]",166,5
oYbX,[3],263,1
nxbX,"[1493, 2676]",300,2
kLbX,"[3, 4, 6, 13]",215,4
t0bX,"[0, 1, 193, 2999]",216,4
jtbX,"[6, 8]",300,2
DgbX,"[2, 17, 778]",128,3
hjbX,[52],183,1
a6bX,[14],223,1
UYbX,"[0, 1]",205,2
JCbX,[14],219,1
1sbX,"[50, 850, 998, 1042]",300,4
nGbX,"[5, 301]",183,2
Z9bX,"[39, 674]",172,2
TPbX,[734],163,1
dPbX,"[31, 40, 47, 57, 117, 386]",245,6
i5bX,"[24, 209, 736]",256,3
dobX,"[1, 5, 25, 337, 868, 3641]",195,6
qQbX,"[6, 159]",284,2
jubX,"[0, 42, 306]",300,3
4lbX,"[0, 1, 5, 534, 872, 3121]",284,6
a1bX,"[3, 4, 9, 10, 13]",173,5
pwbX,[1715],300,1
bPbX,"[2, 7, 361, 2306]",132,4
MqbX,"[2, 7, 83]",159,3
7ibX,"[17, 19, 128]",187,3
19bX,"[0, 1, 27, 580]",300,4
Y5bX,"[0, 93, 102, 449]",191,4
bHbX,"[6, 41]",300,2
7AbX,"[0, 607, 622, 1258]",300,4
n2bX,"[24, 158, 279]",171,3
C6bX,"[11, 20, 1011, 1049]",281,4
AqbX,"[15, 18, 59, 178]",300,4
ELbX,"[48, 106, 629]",123,3
bqbX,"[0, 1, 561, 959]",300,4
gRbX,"[2, 30, 55]",300,3
CCbX,"[2, 44, 46, 64, 113, 119, 162]",290,7
BCbX,"[5, 16, 1690]",226,3
HLbX,[6],233,1
MebX,[8],285,1
6NbX,"[0, 1, 714]",261,3
e5bX,"[0, 1, 5, 183, 3260]",300,5
tvbX,"[11, 1037, 1237]",209,3
5YbX,"[0, 111]",145,2
nKbX,"[134, 230]",277,2
ulbX,[579],234,1
17bX,[8],193,1
EbbX,"[60, 519, 794, 995]",196,4
RZbX,[39],300,1
9ibX,"[11, 20, 22, 29, 32, 122]",300,6
Y2bX,"[2, 30]",165,2
0PbX,[8],160,1
3ibX,"[13, 164]",208,2
K1bX,[26],300,1
IHbX,"[11, 62, 411, 483, 1693]",157,5
YfbX,[1354],300,1
HYbX,"[6, 133, 325]",300,3
zebX,"[3, 4]",243,2
0nbX,"[2, 43, 60, 76, 549]",300,5
flbX,"[0, 12, 195]",281,3
3WbX,"[11, 20, 22, 29, 32, 397]",300,6
UKbX,"[4, 14, 28]",182,3
rLbX,"[0, 1, 124, 317]",145,4
3VbX,"[0, 1, 822, 2950]",264,4
62bX,[418],132,1
gZbX,[0],300,1
8HbX,[6],300,1
nHbX,"[146, 158, 279, 439, 454]",176,5
K8bX,[97],212,1
XLbX,"[15, 18, 59, 178, 773, 805, 1661]",128,7
PdbX,"[3, 14, 324]",300,3
0jbX,"[0, 79]",242,2
rkbX,"[19, 55]",161,2
XZbX,"[11, 29, 368]",300,3
BUbX,"[2, 7, 297, 375, 742, 1142, 1660]",300,7
eJbX,"[231, 491]",255,2
m9bX,"[227, 474]",275,2
BbbX,"[5, 49, 919, 3736]",241,4
JnbX,"[3, 4, 6]",203,3
rrbX,"[10, 97, 243, 278]",163,4
rhbX,"[24, 74, 131, 1757, 2673]",166,5
XdbX,[8],300,1
L5bX,"[66, 332, 521]",135,3
3KbX,"[5, 2960]",123,2
rCbX,"[0, 1, 809, 822, 2188, 2496]",300,6
LLbX,[5],261,1
xVbX,"[0, 1]",300,2
FWbX,"[3, 4, 9, 28, 33, 38]",300,6
vCbX,"[315, 505]",263,2
XObX,[0],300,1
mxbX,[644],267,1
CvbX,"[418, 725, 1108]",300,3
XjbX,"[359, 970, 1471]",229,3
jJbX,"[0, 52, 70]",151,3
nbbX,"[0, 26, 130, 636, 808]",292,5
MDbX,"[11, 903]",190,2
inbX,"[0, 1, 1742, 1861]",125,4
LibX,"[9, 970]",199,2
5gbX,"[4, 9, 10, 37]",300,4
dcbX,"[2, 7, 413, 2159]",124,4
mDbX,"[11, 20, 29, 32, 221]",133,5
89bX,"[0, 1, 36, 132, 147]",300,5
VHbX,"[3, 6, 8]",300,3
MGbX,"[2, 30, 427]",300,3
aabX,"[709, 2455]",126,2
gvbX,"[2, 7, 26, 359, 593]",211,5
0MbX,"[0, 1, 5, 234, 358, 467, 678]",300,7
DybX,"[451, 717]",136,2
lobX,[89],300,1
hIbX,"[5, 618]",232,2
7vbX,"[5, 1033]",176,2
TNbX,[25],300,1
VjbX,[12],145,1
GMbX,"[461, 1325]",184,2
RpbX,"[158, 284, 937]",220,3
NNbX,[14],248,1
OzbX,[188],201,1
5PbX,[210],300,1
W1bX,[8],256,1
rQbX,"[11, 20, 22, 29, 32, 122, 1489]",128,7
BVbX,"[0, 63, 167]",227,3
mNbX,[61],222,1
bZbX,"[4, 10]",200,2
NJbX,"[5, 199, 326]",300,3
kIbX,[14],243,1
kqbX,[14],272,1
DVbX,"[3, 4, 13, 41, 54]",300,5
1tbX,"[66, 148, 253, 271]",300,4
GBbX,"[2, 7, 171, 979]",150,4
qvbX,"[2, 44, 46, 2197]",158,4
DEbX,[3],133,1
XmbX,"[2, 44, 46, 64, 113, 119, 155]",300,7
s4bX,[100],140,1
gtbX,"[0, 1, 36, 147]",123,4
AtbX,"[6, 1690]",247,2
KWbX,"[556, 2530]",228,2
EcbX,"[0, 27]",137,2
2mbX,"[0, 1, 42, 643]",300,4
1ebX,"[11, 388, 791, 1079, 1277, 1471]",265,6
CIbX,"[0, 1, 105, 488, 2123, 3240]",300,6
HKbX,"[11, 20, 22, 32, 211, 321, 334, 1045]",300,8
ygbX,"[3, 4, 6, 13]",176,4
RrbX,"[6, 201]",195,2
MzbX,[12],121,1
OVbX,[3],300,1
OMbX,"[11, 20, 22, 32, 250, 1725]",251,6
ORbX,[12],120,1
oQbX,"[0, 12, 237, 336]",145,4
HRbX,"[50, 65, 256, 927]",300,4
M0bX,"[2, 7, 48, 177, 460, 1632, 2059]",188,7
PGbX,"[0, 1, 5, 69, 144, 190, 378]",255,7
5ybX,"[0, 27]",206,2
4fbX,"[3, 4]",246,2
mjbX,"[11, 20, 22, 29, 32, 173, 1827]",242,7
0abX,"[0, 12]",170,2
KRbX,"[66, 343]",130,2
UrbX,[3],300,1
qobX,"[2, 522, 721]",201,3
0zbX,"[83, 262, 2953, 3230]",231,4
0TbX,"[0, 12, 79, 91]",182,4
1XbX,"[2, 30, 90, 2694]",162,4
7jbX,"[0, 1, 27]",214,3
n8bX,[0],137,1
yVbX,"[0, 27, 88]",300,3
86bX,"[64, 113, 119]",218,3
oFbX,"[0, 12]",218,2
2zbX,"[2, 7, 266]",288,3
b0bX,"[18, 87, 248]",173,3
VlbX,"[3, 4, 6]",171,3
I2bX,"[2, 7, 1429, 1774, 3478]",171,5
lFbX,[3],186,1
MRbX,[251],300,1
7EbX,"[9, 10, 34]",170,3
8ObX,"[0, 12]",215,2
7QbX,"[2, 7, 2229]",300,3
rzbX,"[21, 23, 24, 288, 1245]",189,5
OIbX,"[3, 6]",210,2
58bX,"[0, 79, 91, 918]",300,4
UMbX,[25],143,1
U7bX,[14],185,1
qZbX,"[0, 1, 5, 69, 144, 190, 1350]",147,7
RabX,"[0, 139]",300,2
BMbX,"[3, 4, 9, 10, 13, 28]",300,6
aQbX,"[2, 17, 19, 76, 281]",158,5
gAbX,[195],277,1
XNbX,[3],199,1
1IbX,"[0, 1, 157, 481]",190,4
WebX,"[0, 1, 27]",300,3
TIbX,"[5, 3323]",189,2
4AbX,"[3, 89, 324]",236,3
aNbX,"[6, 8, 558]",205,3
aPbX,"[0, 622]",140,2
BObX,"[15, 18, 67, 140]",300,4
mAbX,"[31, 40, 47, 57]",258,4
4FbX,"[11, 1107, 1189]",132,3
wkbX,"[15, 18, 170, 314]",186,4
P2bX,"[2, 45, 51, 56, 77, 137, 456, 2981]",155,8
g3bX,"[13, 54, 585]",300,3
tlbX,"[11, 100]",300,2
G3bX,[8],195,1
LobX,"[2, 17, 83, 778]",242,4
TtbX,"[24, 74, 131, 2962]",267,4
FnbX,[5],206,1
s3bX,"[27, 313]",154,2
70bX,"[514, 1443]",300,2
56bX,"[3, 6, 8]",300,3
tEbX,"[50, 65]",177,2
s6bX,"[15, 96, 363]",198,3
7NbX,"[5, 1064]",141,2
F0bX,"[2, 7, 171, 2075]",282,4
33bX,[3],300,1
SWbX,[271],300,1
73bX,"[0, 2, 26, 218, 2627]",141,5
6XbX,"[18, 59, 238, 274, 366, 797, 2543]",121,7
xIbX,[6],300,1
5lbX,"[17, 19, 55, 1197]",148,4
hebX,"[14, 214]",244,2
dlbX,"[3, 6]",225,2
aUbX,"[0, 1, 1564]",238,3
KLbX,"[0, 63]",220,2
fGbX,"[0, 139]",289,2
ribX,[0],206,1
XlbX,"[0, 1, 5, 69, 84, 169, 476, 1129, 1967]",149,9
MibX,"[6, 8]",226,2
wxbX,[49],300,1
O2bX,"[0, 1]",300,2
O8bX,[8],229,1
BvbX,"[0, 1]",129,2
DjbX,"[6, 8, 206, 650]",230,4
D0bX,"[0, 1, 63, 167]",300,4
47bX,"[0, 26, 130, 1554]",300,4
JlbX,"[0, 1697]",285,2
SQbX,"[15, 18, 59, 178, 1451]",221,5
SwbX,[1172],223,1
JMbX,"[92, 110, 369, 884]",300,4
w0bX,"[15, 238, 274, 366]",140,4
ARbX,"[269, 320]",136,2
yxbX,"[8, 13, 164, 175]",185,4
mubX,[25],159,1
JNbX,"[11, 20, 22, 29, 32, 692, 747]",300,7
50bX,"[2, 44, 46, 64, 113, 119]",155,6
g7bX,"[0, 1, 193, 841, 1146]",209,5
bYbX,"[5, 16, 136]",144,3
CJbX,"[0, 562]",300,2
FAbX,[0],178,1
JjbX,[61],240,1
1nbX,"[133, 630]",300,2
3abX,"[3, 4, 10, 13, 54]",138,5
N5bX,[6],127,1
kwbX,"[2, 7, 620, 1926]",221,4
IGbX,"[11, 22, 1576]",150,3
EKbX,[14],184,1
CWbX,[8],300,1
Z3bX,"[71, 152]",300,2
iPbX,"[60, 72, 98, 151]",285,4
ATbX,"[1, 5, 16, 826, 3168]",300,5
EfbX,"[26, 199, 326, 682, 1464]",300,5
D8bX,"[2, 7, 62, 90, 810]",203,5
vdbX,"[3, 6]",169,2
tkbX,"[0, 1, 36, 367]",274,4
24bX,[25],138,1
6fbX,"[0, 42]",246,2
8zbX,"[21, 23, 24, 1321]",300,4
DebX,"[100, 161, 356, 548, 567, 1221]",300,6
OObX,"[3, 4, 13, 31, 40, 41, 47]",282,7
2ibX,"[21, 23, 24, 73, 554, 712, 786]",300,7
06bX,[562],167,1
2fbX,"[133, 325]",182,2
dwbX,"[28, 33, 38]",256,3
QQbX,[14],273,1
pFbX,[14],256,1
8gbX,"[1, 105, 192, 331, 455, 488]",150,6
xmbX,[3448],237,1
2ZbX,"[6, 8]",300,2
XnbX,"[2, 75]",300,2
ETbX,"[18, 59, 238, 274, 366, 474]",300,6
mTbX,"[2, 7, 116, 469, 2486]",278,5
49bX,"[11, 29, 32, 692, 3484]",134,5
QkbX,"[4, 9, 37]",240,3
f9bX,[92],300,1
40bX,"[148, 253, 271]",300,3
tMbX,"[524, 691, 753, 955, 988, 1519]",297,6
J7bX,"[0, 1, 27]",300,3
LCbX,"[11, 511, 2450]",300,3
9nbX,[3],223,1
lNbX,[8],217,1
ICbX,[3],146,1
odbX,"[0, 1, 27]",300,3
KkbX,[8],300,1
1lbX,[43],146,1
O6bX,[3],267,1
4PbX,"[74, 187, 838]",265,3
VqbX,"[146, 158, 279, 439, 454]",300,5
ZIbX,[932],300,1
upbX,"[0, 1, 5, 744]",300,4
gkbX,"[1, 105, 192, 331, 455]",241,5
yzbX,"[0, 1, 5, 581]",170,4
25bX,[43],131,1
jKbX,[14],279,1
qVbX,"[0, 759]",140,2
yLbX,[12],157,1
DfbX,"[39, 121]",300,2
DIbX,"[414, 954]",300,2
vbbX,[1075],260,1
QzbX,[8],151,1
jQbX,"[5, 144, 190, 925, 1859]",253,5
apbX,"[0, 1, 124, 387, 1084]",189,5
gzbX,"[182, 392]",142,2
6CbX,[387],250,1
IvbX,"[15, 18, 87]",300,3
5ibX,"[246, 3764]",126,2
CKbX,"[0, 12]",235,2
zZbX,"[71, 238, 1640]",155,3
kdbX,"[2, 7]",120,2
AkbX,"[15, 18, 43, 59, 238]",300,5
LAbX,"[53, 58, 214]",157,3
fIbX,"[15, 96]",178,2
k8bX,"[11, 20]",270,2
cTbX,"[2, 465]",158,2
pSbX,"[26, 130, 435, 1568]",261,4
wwbX,"[8, 13, 89, 164, 175]",149,5
mVbX,"[11, 22]",300,2
vlbX,"[6, 8, 100]",145,3
MQbX,"[2, 7, 259, 620, 783, 804]",228,6
CQbX,"[15, 555, 3467]",146,3
H3bX,"[9, 10, 37]",178,3
kzbX,"[0, 12, 91]",300,3
jSbX,"[15, 18, 59, 178, 773, 805]",209,6
fTbX,"[11, 291]",134,2
SGbX,"[26, 130, 199, 259]",300,4
SsbX,"[375, 451, 717, 2319]",300,4
LrbX,[391],251,1
JYbX,"[50, 65]",300,2
RkbX,"[8, 834]",203,2
mkbX,"[5, 16]",185,2
c3bX,"[195, 939]",163,2
vxbX,[780],239,1
GObX,[180],183,1
U8bX,"[0, 12]",132,2
kFbX,"[2, 43, 76, 473, 547]",265,5
CqbX,"[49, 80, 127, 277, 787]",149,5
P7bX,[3],175,1
xRbX,[308],211,1
HxbX,"[0, 12]",210,2
KPbX,"[6, 206]",237,2
U1bX,"[0, 1, 234, 358, 467, 678]",300,6
85bX,"[3, 4, 10, 33]",300,4
bybX,[828],125,1
uabX,"[0, 12]",300,2
X0bX,"[1, 74, 131]",167,3
RWbX,"[4, 31, 40, 47]",123,4
GLbX,"[2, 7, 95, 116, 135, 2902]",229,6
uibX,"[0, 1, 27]",266,3
QEbX,"[2, 7, 116, 1012]",300,4
EAbX,[3],283,1
OTbX,"[3, 89]",300,2
DcbX,[175],300,1
RfbX,"[11, 1480, 2618]",272,3
7gbX,"[0, 245, 352, 1185]",150,4
KzbX,"[4, 13, 54, 168]",261,4
vXbX,"[3, 6, 13, 38]",278,4
tybX,"[0, 1, 105, 203, 467, 1358, 3187]",281,7
UnbX,"[43, 101]",269,2
7ubX,"[61, 74, 187]",210,3
RFbX,"[0, 106]",135,2
qqbX,"[17, 19, 272, 448]",300,4
xcbX,[3],300,1
DFbX,"[74, 187, 246, 838]",122,4
owbX,[175],152,1
anbX,"[2, 7, 75, 172, 235, 3027]",230,6
c7bX,"[3, 6]",300,2
yobX,"[2, 44, 46, 107, 114, 1162]",135,6
uqbX,"[0, 1, 36, 403]",300,4
gbbX,"[9, 10, 37]",169,3
OgbX,"[0, 27]",131,2
a0bX,"[53, 58]",123,2
cvbX,"[11, 20, 22, 29, 32, 120, 211, 321, 1672]",300,9
14bX,"[10, 188]",300,2
ySbX,"[0, 1, 5, 738, 809, 928]",127,6
2GbX,"[11, 20, 22, 321, 334, 569]",212,6
s9bX,"[2, 7, 17, 19, 104, 272, 1881]",300,7
HBbX,[578],227,1
Y3bX,"[3, 4, 13, 54]",300,4
i3bX,"[0, 1, 35, 134]",249,4
iwbX,"[68, 72, 98]",238,3
1DbX,"[348, 833]",295,2
zObX,"[2, 7, 48, 213]",300,4
TEbX,"[5, 264]",174,2
mUbX,"[15, 18, 87]",300,3
vTbX,[248],188,1
ApbX,"[2, 7, 17]",157,3
cmbX,"[2, 44, 46, 162]",132,4
wMbX,"[13, 28, 33]",278,3
WQbX,[13],251,1
BrbX,"[0, 63, 167]",300,3
rFbX,[14],124,1
igbX,"[0, 52, 70, 91]",300,4
sLbX,"[21, 23, 24]",181,3
afbX,"[68, 72, 98, 240]",126,4
5KbX,[14],207,1
lkbX,"[0, 12]",169,2
0VbX,"[11, 22, 29, 173, 477, 528]",176,6
lJbX,"[25, 2166]",152,2
iubX,"[2, 30]",136,2
fKbX,[5],222,1
D9bX,"[19, 48, 524, 753]",137,4
WfbX,"[31, 40, 47, 57, 117]",262,5
e3bX,"[0, 1, 69, 478, 3369]",160,5
OjbX,[14],277,1
zabX,"[0, 1, 153, 489, 776, 1026]",300,6
Buay,"[0, 1, 63, 167]",282,4
Jeay,"[0, 12, 91]",300,3
Geay,"[2, 7, 104]",300,3
lSay,[3],267,1
JMay,"[4, 9, 10, 34]",213,4
vEay,[453],267,1
Nday,"[0, 12, 91]",150,3
XBay,"[11, 20, 22, 29, 32, 122, 123, 1126]",300,8
wgay,"[18, 67, 140, 390]",300,4
1say,"[11, 62, 411, 749]",130,4
D2ay,"[2, 44, 109]",143,3
Ysay,"[184, 400, 416, 641]",300,4
4day,"[2, 44, 186, 377]",187,4
3Ray,"[3, 4, 13, 41, 54]",300,5
Bsay,"[8, 201]",237,2
7fay,"[3, 4]",208,2
Chay,"[21, 23, 269]",129,3
rJay,"[11, 20, 22]",170,3
maay,[25],150,1
Fday,"[88, 184, 388, 580]",216,4
MXay,"[2, 17, 490]",300,3
Dray,"[3, 4, 13, 28, 38]",241,5
V4ay,"[2, 30, 361, 2018]",125,4
EJay,"[184, 191, 299, 307, 380, 416, 614, 985, 3847]",300,9
oyay,"[0, 826, 2755]",294,3
bgay,[3],234,1
N9ay,"[2, 18, 19, 30, 55, 87]",142,6
j0ay,[3],207,1
Fgay,"[21, 23, 24, 2454]",134,4
0yay,[25],133,1
ZSay,"[0, 1, 1319]",300,3
vOay,[3],223,1
NVay,"[3, 4, 9, 10]",300,4
26ay,"[0, 63, 633]",300,3
g2ay,"[11, 20, 22, 29, 32]",300,5
3Aay,"[21, 24, 74, 131]",293,4
8Eay,"[4, 9, 10, 34]",119,4
k7ay,[3],144,1
oEay,[3260],170,1
Ivay,"[11, 20, 22, 29, 32, 120, 122, 173, 303, 3633]",258,10
zpay,[52],137,1
P8ay,[654],127,1
btay,"[3, 13]",204,2
rGay,"[0, 12]",300,2
u7ay,"[3, 6]",239,2
Hhay,[12],299,1
Gray,"[26, 130, 199, 379]",300,4
fNay,"[15, 96]",234,2
CNay,"[99, 175, 1078]",300,3
jfay,"[4, 14]",264,2
Clay,"[24, 74, 131]",212,3
wday,"[2, 7, 95, 104, 116, 165, 563, 3029]",300,8
AHay,"[0, 1, 42, 189]",300,4
I3ay,"[0, 1, 63, 336]",154,4
gXay,"[106, 887]",228,2
e1ay,"[21, 23, 24, 73, 288, 322, 504]",175,7
Fway,"[2, 44, 46, 848]",164,4
0May,[289],261,1
4Bay,"[2, 7, 171, 2075]",121,4
o1ay,"[15, 18, 170, 314]",230,4
WXay,"[0, 705]",230,2
oray,"[10, 97]",281,2
Tray,[5],163,1
HRay,"[31, 40, 136, 386]",144,4
ufay,[1499],133,1
F9ay,"[3, 6]",244,2
d5ay,"[0, 1, 150, 204, 1231, 1631]",226,6
BQay,"[50, 65, 66, 355, 781]",267,5
5iay,"[20, 29]",300,2
Tuay,"[21, 23, 73, 554]",287,4
f9ay,"[5, 16]",300,2
nkay,"[11, 1017, 1577]",267,3
umay,[2738],300,1
FQay,[110],219,1
a0ay,[6],279,1
z5ay,"[3, 4, 6, 10]",153,4
Kyay,"[6, 28, 33]",199,3
xxay,"[15, 18, 59, 178]",188,4
hhay,[31],128,1
Y9ay,"[0, 1, 203, 1091, 1413, 2500]",214,6
jeay,[522],155,1
llay,"[0, 1, 27, 3700]",277,4
V0ay,"[0, 1, 93, 102]",300,4
PBay,"[26, 64, 149, 488, 620, 943]",145,6
qzay,[8],225,1
qjay,"[50, 65]",135,2
01ay,[110],181,1
pday,"[93, 102]",300,2
KAay,"[0, 52, 70, 125]",277,4
xaay,[6],254,1
5way,"[2, 7, 197, 213, 316, 458, 513]",215,7
yCay,"[3, 6]",199,2
51ay,"[4, 9]",143,2
I4ay,"[11, 20, 22, 29, 32, 221, 1165]",180,7
TWay,"[2, 45, 51, 77]",300,4
Zcay,"[15, 18, 87, 545, 3599]",172,5
Kpay,[663],131,1
jaay,[1161],276,1
q4ay,"[0, 1, 81, 108]",138,4
Tbay,[12],141,1
Yway,"[0, 607, 622]",300,3
9Say,"[0, 1, 19, 524, 753]",199,5
dRay,"[31, 40, 47, 97, 243]",262,5
z4ay,"[99, 518, 911]",180,3
vLay,"[0, 1, 19, 3074, 3235]",219,5
OPay,"[0, 1]",300,2
aLay,"[53, 58, 1956]",300,3
j8ay,"[0, 1, 35, 85]",231,4
x8ay,"[63, 335]",236,2
Yyay,[2],300,1
e7ay,[210],213,1
ioay,"[1095, 1637]",181,2
iJay,"[0, 93, 102]",209,3
osay,"[0, 1, 27]",300,3
8Kay,"[0, 1, 358]",221,3
BSay,"[2, 7, 495]",300,3
gxay,"[4, 13, 54]",300,3
DPay,"[0, 1, 24, 131]",189,4
aiay,[100],300,1
dNay,"[0, 2863]",290,2
8tay,"[4, 9, 10, 14, 37]",300,5
Y1ay,[144],164,1
pOay,"[3, 4, 5, 9, 10, 13, 28, 33, 37, 38]",209,10
gBay,"[2, 7, 48, 266, 702, 1683]",227,6
Icay,[145],166,1
5pay,"[3, 6]",179,2
Xday,"[11, 83, 2953]",144,3
ugay,"[3, 4, 13]",300,3
Sqay,"[0, 1, 48, 177, 258, 617, 691, 2162]",212,8
8Qay,"[0, 1]",300,2
ucay,"[4, 13, 54, 164]",300,4
1Kay,"[14, 2308, 2860]",279,3
wlay,"[28, 33, 38, 78, 86]",162,5
eFay,"[0, 1, 5, 327]",248,4
EQay,[3],179,1
n7ay,[3],203,1
AUay,"[24, 246]",300,2
FBay,"[0, 12]",288,2
Fjay,[14],300,1
0hay,"[5, 1940]",296,2
LJay,[25],152,1
jYay,"[4, 13, 14]",229,3
qJay,"[60, 419, 1271, 1393]",175,4
Hzay,[16],186,1
rfay,"[301, 3069]",284,2
lQay,"[0, 1, 63, 335]",300,4
4Zay,"[2, 7, 957]",284,3
wqay,"[6, 8]",270,2
Lpay,"[15, 18, 170, 314]",139,4
bVay,[14],216,1
itay,[3],120,1
6Gay,"[2, 7, 171, 344, 1391, 2367]",270,6
RGay,"[2, 17, 19, 129]",149,4
s2ay,"[2, 7, 804]",120,3
vUay,"[16, 2050]",290,2
Ktay,"[0, 1, 357, 372]",268,4
qkay,"[569, 2841]",155,2
FNay,[3],202,1
IGay,"[11, 20, 2757]",125,3
q3ay,"[0, 42, 111]",300,3
eKay,"[1002, 3808]",300,2
1fay,"[60, 353, 519]",300,3
X2ay,"[0, 1]",300,2
lhay,[25],144,1
5tay,"[0, 1, 5, 81, 108, 3351]",153,6
GPay,[41],210,1
VBay,"[21, 23, 24, 73, 676]",209,5
Bzay,"[6, 3321]",300,2
uKay,"[0, 12]",207,2
9cay,"[0, 12]",131,2
psay,"[21, 23, 24, 73, 269, 343, 858]",283,7
fKay,"[5, 136, 2399]",227,3
peay,"[6, 8]",227,2
1Xay,[422],299,1
g9ay,[3],247,1
hOay,"[3, 41]",237,2
B0ay,[4],300,1
Daay,"[0, 1, 35, 3742]",300,4
Pfay,"[17, 19]",243,2
fUay,"[3, 4, 6]",275,3
y6ay,[375],300,1
VDay,"[15, 18, 170, 314]",300,4
clay,"[4, 13, 164, 175, 842]",186,5
tLay,"[11, 2185]",223,2
DHay,[400],181,1
INay,[6],174,1
Z7ay,"[3, 4, 13]",131,3
cJay,[8],300,1
0day,"[165, 1202]",212,2
L9ay,[39],300,1
Y0ay,[41],129,1
vWay,[49],300,1
c0ay,[3],292,1
TYay,"[0, 1, 193]",300,3
UDay,"[0, 226, 530]",212,3
j7ay,[225],300,1
5jay,[41],276,1
Qoay,"[0, 1]",262,2
Pday,"[5, 16]",217,2
tlay,"[0, 1, 42]",211,3
k4ay,"[2, 17, 19, 30, 55, 272, 975]",258,7
WCay,"[0, 52, 70]",300,3
Vsay,"[189, 199, 2387]",300,3
WWay,"[21, 23, 24]",300,3
Tyay,"[5, 16]",182,2
Cyay,"[2, 7, 174, 375, 715, 1142, 1307, 1660]",300,8
Emay,"[2, 45]",189,2
LPay,"[4, 9, 10, 34, 37]",300,5
t6ay,"[3, 4, 6, 10]",216,4
Zgay,"[5, 16]",300,2
rVay,"[49, 80, 879]",300,3
gcay,"[6, 8]",137,2
hBay,"[28, 33, 38, 78, 86]",231,5
Zray,[3],300,1
Fzay,"[50, 65]",172,2
Doay,"[0, 1, 36, 94]",300,4
Lvay,"[0, 1, 5, 2507]",300,4
vIay,"[2, 7]",121,2
2Tay,"[0, 1, 5, 139]",300,4
1Vay,[12],144,1
mTay,"[0, 1, 740]",146,3
l3ay,[39],230,1
95ay,"[71, 152]",300,2
MMay,"[21, 23, 24, 758]",156,4
7jay,[14],251,1
nBay,"[217, 260, 371, 600]",177,4
buay,"[182, 392, 634]",206,3
gOay,"[9, 10, 37, 1312]",217,4
Xpay,"[6, 8]",174,2
Mvay,"[11, 20, 22, 29, 32, 229, 1548, 2606]",292,8
guay,"[15, 18, 60, 87, 365, 545]",300,6
7Xay,"[236, 404, 589, 2601]",161,4
g5ay,"[15, 239, 363, 686, 2625]",184,5
Cuay,"[3, 4, 9]",300,3
uqay,"[0, 1, 21, 23, 24, 106, 279]",255,7
Ggay,[0],179,1
Llay,"[11, 511]",275,2
R9ay,"[11, 341, 1049, 1928]",202,4
cxay,"[50, 65, 256, 355, 1112]",296,5
auay,"[88, 184, 307, 380, 416, 614]",171,6
iIay,"[0, 1, 822, 3567]",228,4
LVay,[3],135,1
A9ay,[569],170,1
SUay,[201],158,1
m7ay,[5],239,1
J2ay,[3],221,1
kGay,[16],300,1
ieay,"[2, 7, 75, 165, 172]",300,5
IHay,"[40, 57, 117, 1800]",300,4
3Yay,"[2, 7, 48, 213, 458, 793, 1506]",120,7
Jvay,"[2, 7, 116, 198, 1012]",300,5
4zay,"[10, 2141]",267,2
utay,[248],151,1
Qday,[381],284,1
P4ay,[8],300,1
6ray,[12],249,1
hXay,[0],222,1
loay,"[0, 1071]",144,2
2qay,[14],263,1
gway,"[2, 17, 443]",176,3
iway,"[17, 19, 55, 143, 166, 272]",139,6
99ay,[8],277,1
OTay,"[4, 9, 10, 154]",235,4
xmay,[41],176,1
tray,"[100, 161, 356]",300,3
Biay,"[0, 1, 180, 219]",140,4
EYay,[14],223,1
URay,"[4, 6, 14]",300,3
OMay,"[0, 1, 150, 204, 739, 1231]",300,6
Ekay,[61],170,1
2yay,"[9, 10, 34]",212,3
9may,"[0, 1, 744]",200,3
aZay,"[0, 530]",178,2
5zay,"[2, 45, 51, 56, 77, 212, 2492]",259,7
SAay,"[0, 312]",300,2
suay,"[0, 1, 124, 287]",300,4
n9ay,[3],141,1
Zxay,"[0, 12, 705]",300,3
dCay,[12],132,1
hsay,"[0, 1, 357]",190,3
oQay,"[11, 20, 22, 29, 32, 120, 122, 173, 426, 572, 930, 1098]",218,12
eaay,"[5, 1332]",206,2
UOay,"[2, 7, 95, 116, 135, 297, 1412]",200,7
r9ay,"[0, 1, 290]",121,3
iGay,[97],189,1
Nlay,"[2, 75]",230,2
Ijay,"[15, 18, 87, 365]",267,4
22ay,"[3, 4, 6, 10, 13, 28]",270,6
IMay,[3],191,1
iaay,"[63, 167]",300,2
m3ay,"[505, 640]",300,2
xMay,"[0, 1, 63, 167]",204,4
siay,"[11, 22, 53, 58, 214, 2757]",300,6
HHay,"[8, 71, 152, 849]",130,4
Seay,"[2, 30, 196, 975, 1166]",123,5
zxay,"[2, 7, 464]",137,3
LCay,"[0, 1, 27]",300,3
DZay,"[0, 1, 63, 450]",122,4
Dxay,"[0, 12]",189,2
c4ay,"[2, 30, 55, 3689]",300,4
Ruay,[1127],145,1
h3ay,"[2, 45, 51, 56, 77, 137, 1516]",1,7
FHay,"[15, 18, 87, 1938]",234,4
H6ay,[6],229,1
hgay,[5],166,1
Mfay,"[3, 4, 10]",300,3
TFay,"[0, 1, 436]",216,3
Shay,[101],269,1
8lay,"[3, 4, 6, 9]",276,4
Nnay,"[0, 79, 376]",197,3
B5ay,"[2, 76, 281, 446]",300,4
3qay,"[2, 7, 235, 1106]",212,4
oPay,"[15, 18, 87, 365, 536, 545, 2832]",182,7
7qay,"[730, 2415, 3237]",184,3
VEay,[381],192,1
gaay,[163],300,1
vxay,"[166, 398, 482, 501]",279,4
2Ray,"[5, 16]",300,2
Jday,"[43, 239, 789, 1626]",300,4
GNay,"[4, 9, 10, 37, 655, 1065, 1721]",141,7
SNay,"[71, 152]",300,2
9qay,[14],258,1
dGa0,[14],216,1
Gca0,"[0, 12]",241,2
1Ua0,[89],297,1
c7a0,"[3, 675]",300,2
XHa0,"[15, 18]",154,2
nQa0,"[11, 20, 22, 29, 32, 122, 211]",300,7
p8a0,[2717],220,1
lea0,"[4, 9, 14]",285,3
TIa0,[12],300,1
Noa0,"[146, 158, 279, 439, 454, 1010]",180,6
joa0,[71],300,1
MEa0,"[3, 4]",230,2
mSa0,"[31, 40, 57, 117, 492]",251,5
Sfa0,[8],148,1
JXa0,[2723],239,1
rya0,"[18, 59, 238, 274, 668, 964]",120,6
Aba0,"[0, 5, 11, 22, 462, 637]",300,6
DQa0,"[0, 1, 409]",135,3
Tda0,"[2, 7, 95, 116, 165]",178,5
1sa0,[52],128,1
lLa0,"[26, 379]",164,2
iga0,[329],262,1
WCa0,"[0, 1, 36, 153, 185, 2245]",201,6
sTa0,"[50, 65]",232,2
Ksa0,"[62, 3174]",151,2
Y4a0,"[4, 9, 10, 37]",143,4
yZa0,"[2, 7, 48, 266, 702, 1683]",145,6
RDa0,"[422, 2393]",300,2
aca0,"[80, 733, 3370]",181,3
BEa0,"[2, 7, 85, 116, 2504]",165,5
m1a0,"[3, 4]",300,2
T8a0,[99],300,1
2Ha0,"[3, 4, 9, 10, 13]",252,5
gPa0,"[2, 7, 305]",300,3
1ba0,"[0, 1, 319]",149,3
YIa0,"[3, 4, 13]",300,3
wga0,[43],240,1
Sza0,"[0, 1, 27]",205,3
P9a0,"[0, 1, 733]",195,3
E4a0,[1027],190,1
L8a0,"[0, 1, 69]",120,3
dya0,"[0, 12]",184,2
1Ha0,"[0, 1, 21, 24, 73, 1259]",143,6
JAa0,"[28, 33]",157,2
dKa0,"[2, 75, 208, 745, 869]",139,5
61a0,"[0, 139, 3437]",238,3
H1a0,[3],198,1
VQa0,"[0, 1, 828]",132,3
nfa0,"[11, 20, 22, 32, 120, 477, 528, 3197]",300,8
N2a0,"[24, 74, 131]",276,3
WRa0,"[31, 40, 57, 117]",179,4
24a0,"[134, 197, 1282]",159,3
0Ma0,"[46, 107, 109, 114, 145]",186,5
70a0,[308],133,1
Uya0,"[49, 127]",239,2
CMa0,"[4, 14]",236,2
bQa0,[89],300,1
XNa0,[552],126,1
y5a0,[39],300,1
Qpa0,[3],200,1
P1a0,[14],279,1
uqa0,"[166, 398, 482, 501, 664]",254,5
Npa0,"[3, 4, 9, 10, 34]",207,5
e6a0,"[3, 4, 13, 54, 188]",300,5
Eda0,"[5, 49, 912, 2646, 3559]",235,5
dka0,[61],153,1
78a0,"[2, 7, 1506, 2528]",259,4
Kba0,"[2, 7, 1061]",211,3
rLa0,[15],241,1
7Ka0,"[2, 17, 19, 394, 1053, 1774]",125,6
fca0,"[49, 80, 265]",168,3
AJa0,[8],159,1
TXa0,[0],300,1
lYa0,"[11, 20, 22, 29, 32, 752, 2904]",160,7
Mqa0,"[2, 7, 62, 90]",267,4
lAa0,"[8, 71]",132,2
N3a0,"[0, 1, 234]",180,3
8Va0,"[3, 4, 13, 41]",214,4
LSa0,"[31, 40, 47, 57, 117, 478]",300,6
gta0,"[9, 28, 33]",203,3
8Ia0,"[17, 19, 55, 272, 448, 1073]",222,6
Oba0,"[0, 1, 42, 3734]",175,4
jba0,"[2, 7, 266, 1330, 3193]",153,5
J0a0,"[4, 13, 28, 33, 54]",300,5
2Pa0,"[0, 79]",187,2
jaa0,"[2, 1310]",144,2
X4a0,"[3, 4, 9]",284,3
ZQa0,"[21, 23, 24, 158, 2238]",300,5
lxa0,"[5, 16, 3354]",147,3
FDa0,"[2, 7, 17, 128]",129,4
Xsa0,"[0, 1, 977, 1340, 2435]",233,5
Oia0,[8],148,1
5va0,"[343, 3272]",300,2
goa0,[14],284,1
bLa0,"[53, 58, 82, 160, 166, 231, 252, 1139]",235,8
Eba0,[592],300,1
oKa0,"[3, 4]",210,2
2Sa0,"[144, 190, 1218]",291,3
mHa0,"[4, 9, 14]",249,3
GLa0,"[0, 1, 1370]",131,3
zea0,"[11, 126, 220, 624, 1123]",218,5
Xga0,[3],179,1
aoa0,"[92, 110]",138,2
CFa0,"[0, 1, 69, 478, 1111]",300,5
zNa0,"[0, 1, 35, 85]",272,4
m7a0,"[5, 1612]",212,2
LOa0,"[0, 1, 42, 223, 323]",138,5
hNa0,"[28, 33]",176,2
l3a0,"[60, 160, 231, 273, 491]",134,5
k3a0,[2707],151,1
PDa0,"[0, 1, 349]",142,3
Cea0,[27],186,1
aya0,"[343, 3150]",204,2
LXa0,"[0, 26, 607, 622]",170,4
R7a0,"[21, 23, 24, 712]",300,4
yba0,"[0, 1, 5, 1358, 3577]",300,5
iWa0,[1212],199,1
Lma0,"[2, 7, 174, 1324]",218,4
P0a0,"[0, 1, 949]",300,3
5Ka0,[71],300,1
Jia0,[6],172,1
GRa0,[126],228,1
x6a0,"[2, 7, 62, 208, 411, 2476]",250,6
c2a0,"[0, 1, 2201]",300,3
7ia0,[39],138,1
bJa0,"[0, 1, 5, 695]",166,4
I8a0,"[6, 8]",300,2
xGa0,[92],142,1
nGa0,"[66, 332, 521]",124,3
k1a0,"[0, 1, 27]",300,3
QMa0,"[226, 530]",300,2
e7a0,"[4, 9, 10]",300,3
kPa0,"[2, 7, 48]",142,3
5Ha0,[0],141,1
Hza0,"[0, 1, 35, 230]",170,4
uxa0,"[0, 52, 70]",161,3
Pua0,[8],163,1
gYa0,[41],196,1
Bna0,"[3, 89, 324]",276,3
PCa0,"[9, 10, 37, 108]",152,4
q8a0,"[6, 14]",300,2
vxa0,"[2, 17, 19, 30, 55]",170,5
8aa0,"[417, 2621, 3379]",300,3
y2a0,[25],159,1
Jua0,"[0, 1, 157, 455, 1063]",300,5
p7a0,"[0, 1]",128,2
Pga0,"[0, 1, 19, 524]",150,4
EKa0,[2],178,1
Afa0,"[2, 544, 2785]",145,3
MYa0,"[2, 7]",125,2
Rha0,"[0, 12]",180,2
rga0,[3],300,1
Ena0,"[2, 76, 446]",120,3
hEa0,"[11, 20, 22, 426, 543]",152,5
7Aa0,"[0, 1, 5, 731, 1541, 2207]",192,6
Kca0,"[0, 42, 262, 306]",225,4
9ha0,"[2, 56, 75]",300,3
OQa0,"[15, 18, 59, 3092]",120,4
VDa0,"[11, 20, 29, 123, 1016]",300,5
wka0,"[2, 7, 235]",238,3
fCa0,"[2, 17, 19, 30, 55, 143, 166]",201,7
V1a0,"[1, 1326]",144,2
QPa0,"[4, 10, 13]",149,3
nUa0,"[0, 581]",300,2
M5a0,"[3, 4, 10, 13]",127,4
qka0,"[2, 44, 138, 186]",172,4
wda0,"[3, 6, 8, 558]",300,4
5Qa0,"[0, 1, 42, 290, 431, 586]",198,6
WPa0,"[15, 18, 87]",185,3
tca0,"[0, 1, 27]",300,3
bda0,"[5, 16, 84, 169, 1754]",120,5
rJa0,[180],300,1
vka0,"[31, 40, 57, 2471]",120,4
jfa0,"[0, 1, 9, 1508, 1847]",300,5
Zma0,"[2, 45, 51, 56, 137]",221,5
s2a0,"[0, 3826]",220,2
Xea0,"[2, 44]",300,2
Owa0,"[21, 23, 24, 73, 288, 322]",286,6
l7a0,[12],232,1
yOa0,"[2, 7, 316, 1472]",266,4
b2a0,"[9, 10, 37]",170,3
vNa0,"[39, 50, 65]",300,3
V3a0,"[43, 182, 385]",146,3
dea0,"[146, 158, 454, 1905]",158,4
L2a0,"[239, 1452]",162,2
Eja0,[14],217,1
U8a0,"[0, 1]",142,2
VLa0,"[0, 1, 124, 317]",218,4
fda0,"[2, 7, 30, 361]",283,4
g8a0,"[0, 1, 63, 203, 822, 2638, 3295]",124,7
2Ta0,"[3, 4, 6, 9, 10, 13, 28, 33, 38]",300,9
BJa0,"[2, 7, 90]",300,3
nka0,"[11, 20, 22, 32, 120, 173, 528, 752, 892, 3282]",300,10
tGa0,"[0, 1, 27]",144,3
WYa0,"[0, 1, 5, 327, 967, 1777]",139,6
6Sa0,"[68, 72, 98, 240]",145,4
Hka0,"[2, 7, 196]",135,3
jNa0,"[0, 1, 5, 73]",300,4
Zwa0,[3],300,1
FMa0,"[2, 75, 208]",254,3
Vta0,"[15, 18, 87]",240,3
aTa0,"[9, 10, 34, 37]",219,4
5Ea0,[1001],146,1
Xia0,[14],207,1
e2a0,[827],148,1
fTa0,"[0, 12]",300,2
Bpa0,[226],249,1
uMa0,"[2, 7]",300,2
Cza0,"[181, 222, 249]",300,3
0Ha0,[3],227,1
fta0,"[0, 5, 81, 108, 947]",198,5
SZa0,"[1, 35, 1606, 1623]",241,4
6ra0,"[8, 3227]",161,2
12a0,"[15, 18, 170, 314]",300,4
KRa0,"[9, 14]",227,2
P3a0,"[417, 2621]",255,2
B8a0,[552],216,1
yia0,[730],138,1
EUa0,"[15, 18, 67]",126,3
L4a0,"[2, 7, 95, 135, 297]",300,5
43a0,"[50, 65, 493]",242,3
cGa0,"[3, 4, 9, 38]",300,4
1ma0,[133],123,1
gca0,"[420, 750, 1042, 2441]",300,4
0Xa0,"[2, 30, 55, 196, 1083, 1808]",194,6
Ona0,"[5, 662]",135,2
pPa0,"[0, 1, 19, 1635]",124,4
uaa0,[3],300,1
t6a0,"[5, 49, 80]",219,3
cea0,"[3, 6, 8]",181,3
q7a0,"[62, 411]",300,2
dCa0,"[0, 1, 219]",300,3
62a0,[1380],300,1
lca0,[1093],300,1
4la0,"[0, 12, 432, 705]",300,4
Aca0,"[3, 6, 61]",300,3
w3a0,[61],229,1
iMa0,[932],230,1
J5a0,"[2, 30, 53, 58, 228]",188,5
dga0,"[100, 161, 356, 567, 704, 1906]",300,6
dsa0,[25],121,1
4Ma0,"[49, 80, 127, 1199]",266,4
YTa0,[3],300,1
eSa0,"[6, 8]",277,2
YZa0,"[0, 12, 432]",251,3
uza0,"[0, 63, 943]",163,3
B6a0,"[0, 1, 42, 111]",300,4
8pa0,[294],173,1
Kga0,"[26, 839]",237,2
Uka0,"[3, 6, 8]",271,3
8Ea0,"[16, 25, 189]",132,3
pda0,"[100, 356]",203,2
dBa0,"[0, 12]",209,2
xEa0,[33],282,1
gCa0,[324],255,1
Uqa0,"[0, 1, 35, 85]",300,4
Ppa0,[3],290,1
Cna0,"[0, 1, 27]",300,3
KHa0,"[1, 5, 337]",171,3
H0a0,[1019],300,1
Rfa0,[226],214,1
5Ja0,[52],300,1
TGa0,[9],243,1
ppa0,"[2, 75]",150,2
HPa0,[530],268,1
Laa0,"[2, 7, 48, 177, 460, 1031]",227,6
Z3a0,"[5, 84, 405, 3349]",209,4
jsa0,"[0, 12]",155,2
PAa0,"[2, 7]",300,2
34a0,[2138],180,1
dSa0,"[2, 7, 56, 500]",191,4
pDa0,[133],218,1
Ema0,[1239],300,1
7da0,"[2, 7, 30, 55, 361]",297,5
ZCa0,[1297],300,1
N6a0,"[0, 1]",300,2
Qra0,"[0, 1, 63, 336]",155,4
sca0,"[5, 328, 618]",214,3
4Ca0,"[2, 17, 280, 443]",300,4
Q6a0,"[6, 99]",129,2
hLa0,"[31, 40, 57, 117, 1542]",133,5
Fia0,"[191, 248]",290,2
6ba0,"[4, 97]",182,2
jKa0,"[53, 58, 228]",267,3
Nla0,"[50, 65]",300,2
lJa0,"[3, 1473]",250,2
Kza0,"[9, 10, 34, 2996]",138,4
NKa0,"[0, 1, 42]",300,3
h3a0,"[0, 52, 70]",181,3
a2a0,"[0, 1, 35, 134, 2307]",300,5
l2a0,"[0, 1, 203]",300,3
URa0,"[0, 1]",187,2
23a0,"[4, 9, 10, 97, 351, 550]",300,6
63a0,"[3, 4]",206,2
aUa0,"[6, 8, 136, 647]",300,4
8ba0,"[231, 491, 3109]",225,3
Sua0,"[4, 9, 14, 28]",288,4
pEa0,[3],264,1
qia0,"[227, 1617]",300,2
FIa0,"[3, 4, 6, 13]",164,4
4Pa0,"[11, 1145]",127,2
Kna0,"[39, 50, 627]",300,3
MMa0,"[10, 97, 278]",154,3
59a0,"[0, 1, 35, 354, 827]",300,5
JHa0,[261],183,1
OXa0,[6],220,1
JKa0,"[2, 7, 19, 48, 399]",300,5
ITa0,"[49, 80, 127, 277, 612]",211,5
SFa0,"[6, 8]",227,2
uDa0,[61],231,1
1ia0,"[0, 1, 27]",218,3
eoa0,"[2, 17, 129, 500, 1948]",283,5
